"NtsbNo","EventType","Mkey","EventDate","City","State","Country","ReportNo","N#","SerialNumber","HasSafetyRec","Mode","ReportType","OriginalPublishedDate","DocketOriginalPublishedDate","HighestInjuryLevel","FatalInjuryCount","SeriousInjuryCount","MinorInjuryCount","OnboardInjuryCount","OnGroundInjuryCount","ProbableCause","Findings","EventID","Latitude","Longitude ","Make","Model","AirCraftCategory","AirportID","AirportName","AmateurBuilt","NumberOfEngines","EngineType","Scheduled","PurposeOfFlight","FAR","AirCraftDamage","WeatherCondition","Operator","BroadPhaseofFlight","ReportStatus","RepGenFlag","MostRecentReportType","DocketUrl","ReportUrl"
"DCA24WA244","ACC","194772","2024-07-24T04:00:00Z","Kathmandu",,"Nepal",,"9N-AME",,"false","Aviation","",,,"Fatal","19","1","0","19",,,,,,,"BOMBARDIER","CL600 2B19","AIR","VNKT","Tribhuvan International Airport","false",,,"NSCH",,"NUSC","Destroyed",,"Saurya Airlines","Initial Climb","N/A",,"Prelim","","None"
"GAA24WA256","ACC","194927","2024-07-16T10:50:00Z","Carate",,"Costa Rica",,"TI-API",,"false","Aviation","",,,"Fatal","2","0","0","2",,,,,"8.4449000000000005","-83.462999999999994","PIPER","PA34","AIR","MRCE",,"false",,,,,"NUSC","Destroyed",,,"Takeoff","N/A",,"Prelim","","None"
"DCA24WA185","ACC","194299","2024-05-21T07:50:00Z","Payagyi","Other Foreign","Burma",,"9V-SWM",,"false","Aviation","",,,"Fatal","1","14","0","14",,,,,"16.476241999999999","95.201690999999997","BOEING","777","AIR",,,"false",,,"SCHD",,"NUSC","Minor",,"Singapore Airlines","Enroute","N/A",,"Prelim","","None"
"GAA24WA131","ACC","194016","2024-02-11T12:22:00Z","Lote Ocho",,"Mexico",,"XB-SKA","LW-43","false","Aviation","",,,"Fatal","9","0","0","9","0",,,,"17.466667000000001","-92.133332999999993","BEECH","E90","AIR","MMPQ","Palenque International Airport","false","2",,"NSCH","BUS","NUSC","Unknown",,"Comercializadora Masvi","Approach","N/A",,"Prelim","","None"
"GAA24WA061","ACC","193590","2023-12-29T10:08:00Z","Carletonville","Other Foreign","South Africa",,"ZS-XPC, ZS-STD",,"false","Aviation","",,,"Fatal","3","0","0","3",,,,,"-26.138639000000001","27.442388999999999","AIR TRACTOR, CESSNA","AT502, 182","AIR, AIR",,,"false, false",,,,"AAPL, PERS","NUSC, NUSN","Substantial, Substantial",,"CHB Botha, FG Construction Solutions","Maneuvering","N/A",,"Prelim","","None"
"GAA24WA049","ACC","193471","2023-12-04T09:59:00Z","Terre-de-Haut","Other Foreign","Guadeloupe",,"N15902","32-7300019","false","Aviation","",,,"Fatal","5","0","0","5",,,,,"15.861584000000001","-61.563175999999999","PIPER","PA-32-260","AIR",,,"false","1",,,,"NUSC","Unknown","VMC",,"Unknown","N/A",,"Prelim","","None"
"GAA24WA022","ACC","193323","2023-10-29T12:20:00Z","Rio Branco","Other Foreign","Brazil",,"PT-MEE",,"false","Aviation","",,,"Fatal","12","0","0","12","0",,,,,,"CESSNA","208","AIR","SBRB",,"false",,,,,"NUSC","Destroyed",,,"Initial Climb","N/A",,"Prelim","","None"
"GAA24WA013","ACC","193268","2023-10-15T11:00:00Z","Monêtier-Allemont",,"France",,"F-HSLE","20800340","false","Aviation","",,,"Fatal","1","0","0","1",,,,,,,"CESSNA","208","AIR",,,"false","1",,,,"NUSC","Destroyed",,,"Maneuvering","N/A",,"Prelim","","None"
"GAA23WA133","ACC","107125","2023-04-23T14:33:00Z","Isla Mocha","Other Foreign","Chile",,"CC-PFC",,"false","Aviation","",,,"Fatal","4","1","0","5",,,,,"-38.413234000000003","-73.899854000000005","PIPER","PA32","AIR",,,"false",,,,,"NUSC","Substantial",,,"Initial Climb","N/A",,"Prelim","","None"
"GAA23WA095","ACC","106892","2023-03-11T16:15:00Z","Belo Horizonte","Other Foreign","Brazil",,"PT-FLK",,"false","Aviation","",,,"Fatal","1","1","0","2",,,,,,,"CESSNA","182","AIR","SWWT",,"false",,,,,"NUSC","Substantial",,,"Landing","N/A",,"Prelim","","None"
"GAA23WA055","ACC","106567","2023-01-06T20:20:00Z","Marabá Paulista",,"Brazil",,"PT-BKX",,"false","Aviation","",,,"Fatal","1","0","0","1",,,,,"-22.220559999999999","-52.126669999999997","CESSNA","188","AIR","SDNE",,"false",,,,"AAPL","NUSC","Substantial",,"AEROMART AVIAÇÃO AGRÍCOLA LTDA","Enroute","N/A",,"Prelim","","None"
"GAA23WA046","ACC","106502","2022-12-22T07:20:00Z","Brasnorte","Other Foreign","Brazil",,"PP-IRC",,"false","Aviation","",,,"Fatal","1","0","0","1",,,,,,,"AIR TRACTOR","AT502","AIR",,,"false",,,,,"NUSC","Substantial",,,"Initial Climb","N/A",,"Prelim","","None"
"GAA23WA029","ACC","106339","2022-11-21T16:15:00Z","Medellin","Other Foreign","Colombia",,"HK 5121",,"false","Aviation","",,,"Fatal","8","0","0","8",,,,,,,"PIPER","PA-31-350","AIR","SKMD",,"false",,,,,"NUSC","Destroyed",,"Aeropaca S.A.S.","Initial Climb","N/A",,"Prelim","","None"
"GAA23WA041","ACC","106458","2022-11-18T19:00:00Z","Vera","Other Foreign","Brazil",,"PP-OBL",,"false","Aviation","",,,"Fatal","1","0","0","1","0",,,,,,"AIR TRACTOR","AT502","AIR",,,"false",,,,,"NUSC","Substantial",,,"Maneuvering","N/A",,"Prelim","","None"
"GAA23WA017","ACC","106198","2022-10-18T20:31:00Z","Guayaquil",,"Ecuador",,"HC-CLR",,"false","Aviation","",,,"Fatal","2","1","0","3",,,,,,,"CESSNA","T206G","AIR",,,"false",,,,,"NUSC","Destroyed",,"Deprivedo","Landing","N/A",,"Prelim","","None"
"DCA22WA208","ACC","105996","2022-09-20T04:00:00Z","San Antonio del Estrecho",,"Peru",,"OB-2152",,"false","Aviation","",,,"Fatal","1","0","0","1",,,,,,,"BAE","3201EP","AIR",,,"false",,,,,"NUSC","Destroyed",,,"Takeoff","N/A",,"Prelim","","None"
"GAA22WA278","ACC","105922","2022-09-10T13:50:00Z","Oriximina","Other Foreign","Brazil",,"PT-MES","208B0507","false","Aviation","",,,"Fatal","1","0","5","6",,,,,,,"CESSNA","208B","AIR",,,"false",,,,,"NUSC","Substantial",,,"Unknown","N/A",,"Prelim","","None"
"GAA22WA226","ACC","105493","2022-07-15T15:20:00Z","Puerto Lopez","Other Foreign","Colombia",,"HK1368",,"false","Aviation","",,,"Fatal","1","0","0","1","0",,,,,,"CESSNA","A188","AIR",,,"false",,,,,"NUSC","Destroyed",,"AEROLAMINAS S.A.S","Maneuvering","N/A",,"Prelim","","None"
"GAA22WA218","ACC","105409","2022-07-01T14:30:00Z","Tierra del Fuego","Other Foreign","Argentina",,"LV-BPA","35-143","false","Aviation","",,,"Fatal","4","0","0","4","0",,,,"-53.777864999999998","-67.755149000000003","LEARJET","35","AIR","SAWE","Aeropuerto Internacional Gobernador Ramón Trejo Noel","false","2",,"NSCH",,"NUSC","Substantial","VMC",,"Takeoff","N/A",,"Prelim","","None"
"GAA22WA208","ACC","105302","2022-06-15T15:30:00Z","Itaituba",,"Brazil",,"PT-JUM",,"false","Aviation","",,,"Fatal","1","0","0","1",,,,,"-5.3138800000000002","-57.65916","CESSNA","182","AIR",,,"false",,,,,"NUSC","Substantial",,,"Takeoff","N/A",,"Prelim","","None"
"GAA22WA197","ACC","105206","2022-06-05T10:00:00Z","Deadman's Cay","Other Foreign","Bahamas",,"N711JW","31-7712084","false","Aviation","",,,"Fatal","1","3","0","4",,,,,"23.178865999999999","-75.084869999999995","PIPER","PA31","AIR",,,"false","2",,,,"NUSC","Substantial",,,"Takeoff","N/A",,"Prelim","","None"
"GAA22WA183","ACC","105100","2022-05-11T15:05:00Z","BOITUVA","Other Foreign","Brazil",,"PT-OQR",,"false","Aviation","",,,"Fatal","2","7","0","9",,,,,"-23.309439999999999","-47.710000000000001","CESSNA","208","AIR",,,"false",,,,,"NUSC","Substantial",,,"Enroute","N/A",,"Prelim","","None"
"GAA22WA165","ACC","105006","2022-04-14T10:30:00Z","Mineiros","Other Foreign","Brazil",,"PR-AAM","18802728T","false","Aviation","",,,"Fatal","1","0","0","1","0",,,,"-17.479167","-52.749443999999997","CESSNA","188","AIR",,,"false",,,,,"NUSC","Substantial",,"Brazil (SAVANA AERO AGRICOLA LTDA)","Maneuvering","N/A",,"Prelim","","None"
"DCA22WA102","ACC","104807","2022-03-21T06:30:00Z","Wuzhou",,"China",,"B-1791",,"false","Aviation","",,,"Fatal","132","0","0","132",,,,,,,"BOEING","737","AIR",,,"false",,,,,"NUSC","Destroyed",,"China Eastern Airlines","Unknown","N/A",,"Prelim","","None"
"GAA22WA119","ACC","104775","2022-03-01T12:05:00Z","Eldorado","Other Foreign","Brazil",,"PP-IAI","25-4519","false","Aviation","",,,"Fatal","1","0","0","1",,,,,"-24.537222","-48.049722000000003","PIPER","PA25","AIR",,,"false","1",,,"AAPL","NUSC","Substantial",,"Aero Agricola Caicara Ltd.","Maneuvering","N/A",,"Prelim","","None"
"GAA22WA101","ACC","104649","2022-02-05T17:30:00Z","Chapadão do Sul","Other Foreign","Brazil",,"PR-JPY","402B-1350","false","Aviation","",,,"Fatal","1","0","0","1",,,,,"-18.751667000000001","-52.683889000000001","AIR TRACTOR","AT402","AIR","SDRV","Tenoar","false","1",,,"AAPL","NUSC","Destroyed",,,"Maneuvering","N/A",,"Prelim","","None"
"GAA22WA091","ACC","104597","2022-02-04T13:13:00Z","Ica","Other Foreign","Peru",,"OB-2179",,"false","Aviation","",,,"Fatal","7","0","0","7","0",,,,,,"CESSNA","207","AIR","SPZA",,"false",,,,,"NUSC","Destroyed",,,"Takeoff","N/A",,"Prelim","","None"
"GAA22WA050","ACC","104412","2021-12-15T18:25:00Z","Santo Domingo","Other Foreign","Dominican Republic",,"HI-1050","1482","false","Aviation","",,,"Fatal","9","0","0","9","0",,,,"18.426932999999998","-69.662994999999995","GULFSTREAM","GIV","AIR","MDSD","Las Americas International Airport","false","2",,"NSCH",,"NUSC","Destroyed","VMC","Helidosa Aviation Group S.A.","Emergency Descent","N/A",,"Prelim","","None"
"GAA22WA060","ACC","104457","2021-11-26T01:27:00Z","Ubatuba",,"Brazil",,"PP-WRS","34-813079","false","Aviation","",,,"Fatal","3","0","0","3","0",,,,"-23.413333000000002","-44.799722000000003","PIPER","PA34","AIR",,,"false","2",,,,"NUSC","Destroyed",,,"Unknown","N/A",,"Prelim","","None"
"GAA22WA039","ACC","104359","2021-10-19T12:16:00Z","Tapachula",,"Mexico",,"XB-RQE",,"false","Aviation","",,,"Fatal","1","0","0","1",,,,,"14.808","-92.341999999999999","CESSNA","401","AIR","MMTP","Tapachula International Airport","false",,,,,"NUSC","Unknown",,,"Unknown","N/A",,"Prelim","","None"
"GAA21WA186","ACC","103557","2021-07-26T11:15:00Z","Norderney",,"Germany",,"D-FLEC",,"false","Aviation","",,,"Fatal","1","0","0","1",,,,,,,"CESSNA","208","AIR",,,"false",,,,,"NUSC","Substantial",,,"Approach","N/A",,"Prelim","","None"
"GAA21WA176","ACC","103508","2021-07-18T16:38:00Z","Durango",,"Mexico",,"N333WW","LJ-1741","false","Aviation","",,,"Fatal","1","1","0","2","0",,,,,,"BEECH","C90","AIR","MMDO",,"false",,,,,"NUSC","Destroyed",,,"Landing","N/A",,"Prelim","","None"
"GAA21WA095","ACC","102992","2021-04-25T15:27:00Z","Fundo","Other Foreign","Venezuela",,"YV2324",,"false","Aviation","",,,"Fatal","1","0","0","1","0",,,,,,"CESSNA","182","AIR",,,"false",,,,,"NUSC","Destroyed",,,"Takeoff","N/A",,"Prelim","","None"
"DCA21WA066","ACC","102507","2021-01-09T15:40:00Z","Jakarta",,"Indonesia",,"PK-CLC",,"false","Aviation","",,,"Fatal","62","0","0","62",,,,,"-6.1255699999999997","106.655998","BOEING","737","AIR","CGK","Soekarno-Hatta International Airport","false",,,"SCHD",,"NUSC","Destroyed",,"Sriwijaya Air","Enroute","N/A",,"Prelim","","None"
"WPR21WA036","ACC","102240","2020-10-31T04:29:00Z","Kirkwood","Other Foreign","South Africa",,"ZS-MAD","24-7956032","false","Aviation","",,,"Fatal","1","0","0","1",,,,,"33.419167000000002","25.466111000000001","PIPER","PA-25-235","AIR",,,"false","1",,,,"NUSC","Destroyed",,"Sheasby Aviation","Maneuvering","N/A",,"Prelim","","None"
"CEN21WA036","ACC","102211","2020-09-16T17:35:00Z","Los Laureles",,"Mexico",,"XB-LVT","IA-CE7873","false","Aviation","",,,"Fatal","2","0","0","2",,,,,"24.240278","-106.85250000000001","CESSNA","TU206G","AIR",,,"false","1",,,,"NUSC","Destroyed",,,"Unknown","N/A",,"Prelim","","None"
"WPR20WA292","ACC","101893","2020-08-26T20:20:00Z","Springs",,"South Africa",,"ZE-OET","172-53141","false","Aviation","",,,"Fatal","1","1","0","2","0",,,,"-26.249444","28.398332","CESSNA","172","AIR",,,"false",,"REC",,,"NUSC","Substantial",,"Mach 1 Flying School","Landing","N/A",,,"","None"
"DCA20WA108","ACC","101319","2020-05-22T04:00:00Z","Karachi",,"Pakistan",,"AP-BLD","2274","false","Aviation","",,,"Fatal","97","2","0","99","0",,,,,,"AIRBUS","A320","AIR","KHI","Karachi Jinnah","false",,,"SCHD",,"NUSC","Destroyed",,"Pakistan International Airlines","Approach","N/A",,,"","None"
"CEN20WA135","ACC","101135","2020-03-15T17:30:00Z","Tepalcatepec, Michoacán",,"Mexico",,"XB-VOO","25-2883","false","Aviation","",,,"Fatal","1","0","0","1","0",,,,"19.165277","-102.841392","PIPER","PA25","AIR",,,"false",,,,,"NUSC","Destroyed",,,"Maneuvering","N/A",,,"","None"
"ERA20WA136","ACC","101115","2020-03-13T08:30:00Z","Tefe",,"Brazil",,"PR-GSG","310R 0614","false","Aviation","",,,"Fatal","2","0","0","2","0",,,,"-3.3772220000000002","-64.732498000000007","Cessna","310","AIR","SBTF","Tefe Aerodrome","false","2","REC",,,"NUSC","Substantial",,"Stilus Taxi Aereo Ltda","Unknown","N/A",,,"","None"
"WPR20WA107","ACC","101068","2020-03-11T04:00:00Z","Lockhart River",,"Australia",,"VH-OZO","404-0653","false","Aviation","",,,"Fatal","5","0","0","5","0",,,,"-12.829999000000001","143.35694799999999","Cessna","404","AIR",,,"false","2","REC",,,"NUSC","Destroyed",,,"Landing","N/A",,,"","None"
"DCA20RA069","ACC","100901","2020-02-05T16:19:00Z","Istanbul",,"Turkey",,"TC-IZK",,"false","Aviation","",,,"Fatal","3","19","161","183","0",,,,,,"BOEING","737","AIR",,,"false",,,"SCHD",,"NUSC","Substantial",,"Pegasus Airlines","Landing","N/A",,,"","None"
"DCA20RA048","ACC","100787","2020-01-08T03:40:00Z","Tehran",,"Iran",,"UR-PSR",,"false","Aviation","",,,"Fatal","176","0","0","176","0",,,,,,"BOEING","737","AIR",,,"false",,,"SCHD",,"NUSC","Destroyed",,"Ukraine International Airlines","Initial Climb","N/A",,,"","None"
"GAA20WA101","ACC","100766","2019-12-24T10:30:00Z","Rio Branco, Cerro Largo",,"Uruguay",,"CX-BRE-R",,"false","Aviation","",,,"Fatal","1","0","0","1","0",,,,,,"PIPER","PA25","AIR",,,"false",,,,,"NUSC","Substantial",,"Daniel Cardozo","Maneuvering","N/A",,,"","None"
"DCA20WA019","ACC","100612","2019-11-24T04:20:00Z","Gomo",,"Congo",,"9S-GNH",,"false","Aviation","",,,"Fatal","29","0","0","17","12",,,,,,"DORNIER","228","AIR",,,"false",,,"SCHD",,"NUSC","Destroyed",,"Busy Bee Congo","Takeoff","N/A",,,"","None"
"CEN19WA283","ACC","100126","2019-08-25T11:35:00Z","Inca, Mallorca",,"Spain",,"D-HOTT, EC-GU1",,"false","Aviation","",,,"Fatal","7","0","0","7","0",,,,,,"BELL, AEROPRAKT","206, A22L","HELI, AIR",,,"false, false",,,,,"NUSC, NUSN","Destroyed, Destroyed",,,"Unknown","N/A",,,"","None"
"ANC19WA043","ACC","100031","2019-07-26T11:00:00Z","Bella Bella",,"Canada",,"C-GURL","20800501","false","Aviation","",,,"Fatal","4","5","0","9","0",,,,,,"Cessna","208","AIR",,,"false","1","TP",,,"NUSC",,,"Seair Seaplanes Ltd","Enroute","N/A",,,"","None"
"WPR19WA156","ACC","99508","2019-05-26T05:47:00Z","Mount Isa",,"Australia",,"VH-SUX",,"false","Aviation","",,,"Fatal","2","0","0","2","0",,,,"-20.520277","139.67611600000001","CESSNA","T210","AIR",,,"false",,,"NSCH",,"NUSC","Substantial",,,"Maneuvering","N/A",,,"","None"
"CEN19WA137","ACC","99381","2019-05-05T23:37:00Z","COAHUILA",,"Mexico",,"N601VH","5043","false","Aviation","",,,"Fatal","14","0","0","14","0",,,,,,"Canadair","CL 600 2B16","AIR",,,"false",,,,,"NUSC","Substantial",,,"Enroute","N/A",,,"","None"
"DCA19WA148","ACC","99442","2019-05-05T04:00:00Z","Moscow",,"Russia",,"RA89098",,"false","Aviation","",,,"Fatal","41","0","0","41","0",,,,,,"SUKHOI","RRJ95","AIR",,,"false",,,,,"NUSC","Destroyed",,,"Initial Climb","N/A",,,"","None"
"ANC19WA023","ACC","99653","2019-05-04T15:25:00Z","Smithers",,"Canada",,"C-FLVN","18253755","false","Aviation","",,,"Fatal","3","1","0","4","0",,,,,,"Cessna","182","AIR",,,"false","1","REC",,,"NUSC","Destroyed",,"Lakes District Air Services Ltd.","Enroute","N/A",,,"","None"
"DCA19RA101","ACC","99078","2019-03-10T05:00:00Z","Addis Ababa",,"Ethiopia",,"ET-AVJ",,"false","Aviation","",,,"Fatal","157","0","0","157","0",,,,,,"BOEING","737","AIR",,,"false",,,,,"NUSC","Destroyed",,"Ethiopian Airlines","Initial Climb","N/A",,,"","None"
"ERA19WA121","ACC","99079","2019-03-09T16:15:00Z","Vereda La Bendicion",,"Colombia",,"HK2494",,"false","Aviation","",,,"Fatal","14","0","0","14","0",,,,"3.5686110000000002","-73.066946999999999","DOUGLAS","DC3","AIR",,,"false",,,"NSCH",,"NUSC","Destroyed","Unknown","LATINOAMERICANA DE SERVICIOS AEREOS - LASER S.A.S","Enroute","N/A",,,"","None"
"ERA19WA090","ACC","98906","2019-01-21T13:00:00Z","Jaguaré County",,"Brazil",,"PR-FBA","25-7656074","false","Aviation","",,,"Fatal","1","0","0","1","0",,,,"-18.88861","-40.192222000000001","PIPER","PA25","AIR",,,"false",,,"NSCH",,"NUSC","Substantial","Unknown","Aeroverde Aviacao Agricola Ltda","Maneuvering","N/A",,,"","None"
"ERA19WA092","ACC","98907","2019-01-12T20:30:00Z","Campinas do Sul County",,"Brazil",,"PR-MJA","25-2636","false","Aviation","",,,"Fatal","1","0","0","1","0",,,,"-27.667777999999998","-52.624721000000001","Piper","PA25","AIR",,,"false","1","REC",,,"NUSC","Substantial",,"Aerodinamica Aviacao Agricola Ltda-Me","Takeoff","N/A",,,"","None"
"WPR19WA040","ACC","98756","2018-12-07T10:29:00Z","Hobart",,"Australia",,"VH-OBL","2035","false","Aviation","",,,"Fatal","1","0","0","1","0",,,,"-43.185554000000003","146.366668","PILATUS","BN2A-20","AIR",,,"false",,"REC",,,"NUSC","Destroyed",,"unknown","Maneuvering","N/A",,,"","None"
"DCA19RA017","ACC","98554","2018-10-29T04:00:00Z","Jakarta",,"Indonesia",,"PK-LQP",,"true","Aviation","",,"2021-06-03T04:00:00Z","Fatal","191","0","0","188",,,,,,,"BOEING","737","AIR",,,"false",,,"SCHD",,"NUSC","Destroyed",,,"Initial Climb","N/A",,"Prelim","https://data.ntsb.gov/Docket?ProjectID=98554","None"
"DCA18RA292","ACC","98367","2018-09-28T04:00:00Z","Chuuk",,"Federated States Of Micronesia",,"P2-PXE","333024","false","Aviation","",,,"Fatal","1","4","11","16","0",,,,"7.4563879999999996","151.837219","BOEING","737","AIR","PTKK","Chuuk/Weno International Airpo","false",,,"SCHD",,"NUSC","Substantial",,"Air Niugini","Approach","N/A",,,"","None"
"WPR18WA235","ACC","98130","2018-08-08T04:00:00Z","Diatar",,"Mauritania",,"F-GOKZ","6032","false","Aviation","",,,"Fatal","1","0","0","1","0",,,,,,"AYRES","S2R","AIR",,,"false","1","TP",,,"NUSC","Destroyed",,,"Maneuvering","N/A",,,"","None"
"CEN18WA305","ACC","97965","2018-07-22T15:00:00Z","Namiquipa, Chihuahua",,"Mexico",,"XB-EGL, XB-DVX","25-5058, IA PA 86140","false","Aviation","",,,"Fatal","1","1","0","2","0",,,,"29.097778000000002","-107.480003","LAVIA ARGENTINA S.A., LAVIA ARGENTINA S.A.","PA-25-260, PA-25-235","AIR, AIR",,,"false, true",,,,,"NUSC, NUSC","Substantial, Substantial",,,"Maneuvering","N/A",,,"","None"
"CEN18WA234","ACC","97541","2018-06-07T12:30:00Z","Cajeme, Sonora",,"Mexico",,"XB-YEI",,"false","Aviation","",,,"Fatal","1","0","0","1","0",,,,,,"PIPER","PA-25","AIR",,,"false",,,,,"NUSC","Substantial",,,"Maneuvering","N/A",,,"","None"
"WPR18WA165","ACC","97426","2018-06-05T04:00:00Z","Njabini",,"Kenya",,"5Y-CAC",,"false","Aviation","",,,"Fatal","10","0","0","10","0",,,,"-0.42277700000000001","36.419998","CESSNA","208","AIR",,,"false",,,,,"NUSC","Destroyed",,,"Enroute","N/A",,,"","None"
"DCA18RA186","ACC","97278","2018-05-18T16:11:00Z","Havana",,"Cuba",,"XA-UHZ",,"false","Aviation","",,,"Fatal","112","1","0","113","0",,,,,,"BOEING","737","AIR","MUHA","Havana-José Martí Internationa","false",,"TF","SCHD",,"NUSC","Destroyed",,"Cubana de Aviación","Takeoff","N/A",,,"","None"
"ERA18WA217","ACC","98056","2018-02-14T14:30:00Z","La Vega",,"Dominican Republic",,"N2451J","18801075","false","Aviation","",,,"Fatal","1","0","0","1","0",,,,"19.033332000000001","-70.429443000000006","Cessna","A188","AIR",,"NONE","false",,,,,"NUSC","Substantial","Unknown","Aeroserva","Maneuvering","N/A",,,"","None"
"DCA18WA107","ACC","96899","2018-02-11T05:00:00Z","Argunovo",,"Russia",,"RA-61704",,"false","Aviation","",,,"Fatal","71","0","0","71","0",,,,,,"ANTONOV","AN148","AIR",,,"false",,,,,"NUSC","Destroyed",,,"Initial Climb","N/A",,,"","None"
"CEN18FA063","ACC","96543","2017-12-31T12:56:00Z","Punta Islita",,"Costa Rica",,"TI-BEI","208B0900","false","Aviation","DirectorBrief","2019-12-16T05:00:00Z","2019-11-18T12:02:00Z","Fatal","12","0","0","12","0","The flight crew's failure to maintain airspeed while maneuvering to exit an area of rising terrain, which resulted in an exceedance of the airplane's critical angle of attack and an aerodynamic stall. Contributing to the accident was the flight crew's decision to continue the takeoff toward rising terrain that likely exceeded the airplane's climb capability, the lack of adequate weather reporting available for wind determination, and the lack of documented training for an airport requiring a non-standard departure.","Aircraft - Aircraft oper/perf/capability - Performance/control parameters - Airspeed - Not attained/maintained, Aircraft - Aircraft oper/perf/capability - Performance/control parameters - Angle of attack - Not attained/maintained, Personnel issues - Task performance - Use of equip/info - Aircraft control - Flight crew, Personnel issues - Action/decision - Info processing/decision - Decision making/judgment - Flight crew, Aircraft - Aircraft oper/perf/capability - Aircraft capability - Climb capability - Capability exceeded, Organizational issues - Support/oversight/monitoring - Training - (general) - Operator, Organizational issues - Management - Resources - Availability of equipment - Meteorological service",,"9.865278","-85.366111000000004","CESSNA","208","AIR","MRIA","Islita Airport","false","1","TP","NSCH",,"NUSC","Destroyed","VMC","Nature Air","Maneuvering","Completed",,"Final","https://data.ntsb.gov/Docket?ProjectID=96543","https://data.ntsb.gov/carol-repgen/api/Aviation/ReportMain/GenerateNewestReport/96543/pdf"
"CEN18WA067","ACC","96571","2017-12-30T17:42:00Z","Alicante",,"Spain",,"N1950M, EC-MMC","E3B-315, 33209","false","Aviation","",,,"Fatal","1","0","0","1","0",,,,"38.438330999999998","-0.46944399999999997","Construcciones Aeronauticas, BELL","C.A.S.A. 1.131, 412SP","AIR, HELI","LEMU","Muchamiel Aerodrome","false, false",,,,"PERS","NUSN, NUSC","Substantial, Substantial",,"Pilot, Babcock","Approach","N/A",,,"","None"
"CEN18WA055","ACC","96495","2017-12-14T17:20:00Z","Waldburg",,"Germany",,"OE-FWD","510-0049","false","Aviation","",,,"Fatal","3","0","0","3","0",,,,,,"Cessna Aircraft Company","510","AIR",,,"false","2",,,,"NUSC","Destroyed",,"Sky Taxi Luftfahrt GmbH","Approach","N/A",,,"","None"
"ERA18WA028","ACC","96354","2017-11-15T09:05:00Z","Ngorongoro",,"Tanzania",,"5H-EGG",,"false","Aviation","",,,"Fatal","11","0","0","11","0",,,,"-2.884722","35.823332999999998","CESSNA","208","AIR",,,"false",,,"SCHD",,"NUSC","Substantial","IMC","Coastal Aviation LTD.","Enroute","N/A",,,"","None"
"ERA18WA160","ACC","96917","2017-11-14T22:15:00Z","Itapolis",,"Brazil",,"PR-AAV","25-3801","false","Aviation","",,,"Fatal","1","0","0","1","0",,,,"-21.622776999999999","-48.867778000000001","PIPER AIRCRAFT","PA-25-235","AIR",,,"false",,,,,"NUSC","Destroyed",,"EJ ESCOLA DE AERONAUTICA LTDA ME","Maneuvering","N/A",,,"","None"
"CEN17RA337","ACC","95945","2017-09-05T13:30:00Z","San Jose",,"Costa Rica",,"TI-AGM","U20602734","false","Aviation","",,,"Fatal","2","2","2","6","0",,,,"9.9555550000000004","-84.123335999999995","CESSNA","U206","AIR",,,"false",,,,,"NUSC","Destroyed",,"Airbell Air Charter","Takeoff","N/A",,"Prelim","","None"
"ERA17WA296","ACC","95908","2017-08-27T21:52:00Z","Ciudad Bolivar",,"Venezuela",,"YV2594","210-61992","false","Aviation","",,,"Fatal","1","4","0","5","0",,,,"7.8702769999999997","-63.399444000000003","CESSNA","T210","AIR",,,"false","1","REC",,,"NUSC","Substantial","Unknown",,"Enroute","N/A",,,"","None"
"ERA17WA193","ACC","95248","2017-05-26T13:00:00Z","Chernihiv",,"Ukraine",,"UR-WTA",,"false","Aviation","",,,"Fatal","1","0","0","1","0",,,,,,"CESSNA","172","AIR",,,"false",,,,,"NUSC","Substantial","Unknown",,"Takeoff","N/A",,,"","None"
"ERA17FA172","ACC","95104","2017-05-03T21:30:00Z","Colton","New York","United States",,"C-GQAM","31-7912093","false","Aviation","DirectorBrief","2018-11-05T05:00:00Z","2018-08-22T19:41:00Z","Fatal","1","0","0","1","0","The pilot's incapacitation for unknown reasons, which resulted in an overflight of his destination, a subsequent loss of engine power due to fuel starvation, and collision with terrain.","Personnel issues - Physical - Impairment/incapacitation - Other loss of consciousness - Pilot, Not determined - Not determined - (general) - (general) - Unknown/Not determined",,"44.531112","-74.891113000000004","PIPER","PA31","AIR",,,"false","2","REC","SCHD",,"NUSC","Destroyed","VMC","Strait Air (2000) Ltd","Enroute","Completed",,"Final","https://data.ntsb.gov/Docket?ProjectID=95104","https://data.ntsb.gov/carol-repgen/api/Aviation/ReportMain/GenerateNewestReport/95104/pdf"
"ERA17WA349","ACC","96357","2017-02-23T11:30:00Z","Santa Catarina",,"Brazil",,"PT-WBO","25-5401","false","Aviation","",,,"Fatal","1","0","0","1","0",,,,"-26.09","-48.883887999999999","PIPER","PA25","AIR",,,"false",,,"NSCH",,"NUSC","Substantial","VMC","Seragri-Servicos Aero Agricolas LTDA","Maneuvering","N/A",,,"","None"
"ERA17WA093","ACC","94638","2017-01-19T17:30:00Z","Parati",,"Brazil",,"PR-SOM","LJ-1809","false","Aviation","",,,"Fatal","5","0","0","5","0",,,,"-23.224444999999999","-44.720275000000001","HAWKER BEECHCRAFT","C90GT","AIR","SDTK",,"false",,,,,"NUSC","Substantial",,"EMILIANO EMPREEND.E PART.HOT.SOCIED.LTDA","Unknown","N/A",,,"","None"
"ERA17WA084","ACC","94594","2017-01-08T19:41:00Z","Tirua",,"Chile",,"CC-CMP","17274380","false","Aviation","",,,"Fatal","4","0","0","4","0",,,,"-38.351664999999997","-73.488608999999997","CESSNA","172","AIR","SCQK","Aeropuerto de Tirua","false",,,,,"NUSC","Destroyed","IMC",,"Landing","N/A",,,"","None"
"ERA17WA009","ACC","94173","2016-10-10T15:27:00Z","Santa Cruz, Cajamarca",,"Peru",,"OB-1936-P","20700767","false","Aviation","",,,"Fatal","3","0","0","3","0",,,,"-6.8811109999999998","-78.678886000000006","CESSNA","207","AIR",,,"false","1","REC","NSCH",,"NUSC","Destroyed","Unknown","Air Majoro","Unknown","N/A",,,"","None"
"ERA16WA332","ACC","94126","2016-09-30T18:05:00Z","San Antonio De Prado",,"Colombia",,"HK3804","208B0315","false","Aviation","",,,"Fatal","4","6","0","10","0",,,,"6.2144440000000003","-75.654998000000006","CESSNA","208","AIR",,,"false","1","TP",,,"NUSC","Substantial","Unknown","LLANERA DE AVIACION LTD","Enroute","N/A",,,"","None"
"ERA16WA337","ACC","94436","2016-09-19T21:00:00Z","Miranda",,"Brazil",,"PT-VKY","810714","false","Aviation","",,,"Fatal","1","0","0","1","0",,,,"-20.020833","-56.448889999999999","EMBRAER","EMB810","AIR",,,"false",,"REC","NSCH",,"NUSC","Destroyed","Unknown",,"Enroute","N/A",,,"","None"
"ERA16WA307","ACC","93930","2016-08-26T13:50:00Z","Finca",,"Colombia",,"HK588","25-5456","false","Aviation","",,,"Fatal","1","0","0","1","0",,,,"4.6519440000000003","-75.913055","PIPER","PA25","AIR",,,"false","1","REC","NSCH",,"NUSC","Destroyed",,"FUMIGACIONES AEREAS DEL NORTE S.A.S.","Maneuvering","N/A",,,"","None"
"ANC16WA045","ACC","93641","2016-07-16T06:20:00Z","Telegraph Creek",,"Canada",,"C-GWDW","306","false","Aviation","",,"2016-08-17T10:44:00Z","Fatal","1","0","0","1","0",,,,,,"Dehavilland","DHC-2 MK. I","AIR",,,"false","1","REC",,,"NUSC","Substantial",,,"Enroute","N/A",,,"https://data.ntsb.gov/Docket?ProjectID=93641","None"
"ERA16WA243","ACC","93537","2016-07-02T19:10:00Z","Puerto Lopez",,"Colombia",,"HK1398","1880412","false","Aviation","",,,"Fatal","1","0","0","1","0",,,,"4.0911109999999997","-72.955832999999998","CESSNA","A188","AIR",,"Pista Nueva York","false","1","REC",,,"NUSC","Destroyed",,"Commercializadora de Aviacion Agricola - ECO","Maneuvering","N/A",,,"","None"
"ERA16WA256","ACC","93604","2016-07-02T17:25:00Z","Belem",,"Brazil",,"PT-DJH","000182-54341","false","Aviation","",,,"Fatal","4","0","0","4","0",,,,,,"CESSNA","182","AIR",,,"false",,,,,"NUSC","Destroyed",,"Aetotur Taxi Aereo LTDA","Enroute","N/A",,,"","None"
"DCA16WA131","ACC","93007","2016-04-13T04:00:00Z","Kiunga",,"Papua New Guinea",,"P2-SBC",,"false","Aviation","",,,"Fatal","12","0","0","12","0",,,,,,"BRITTEN NORMAN","BN2","AIR",,,"false",,,"SCHD",,"NUSC","Destroyed",,"Sunbird Aviation LTD","Approach","N/A",,,"","None"
"DCA16WA080","ACC","92659","2016-01-29T11:30:00Z","Windhoek",,"Namibia",,"V5-MJW","425-0077","false","Aviation","",,,"Fatal","3","0","0","3","0",,,,"-22.208055000000002","17.462499000000001","CESSNA","425","AIR",,,"false",,,,,"NUSC","Destroyed",,,"Approach","N/A",,,"","None"
"DCA15WA188","ACC","92005","2015-09-05T20:08:00Z","Tambacounda",,"Senegal",,"3C-LLY, 6V-AIM",,"false","Aviation","",,,"Fatal","7","0","0","7","0",,,,"46.418334000000002","-13.669444","BOEING, HAWKER SIDDELEY","737, HS125","AIR, AIR",,,"false, false","2",,,,"NUSC, NUSC","Minor",,,"Enroute","N/A",,,"","None"
"DCA15WA187","ACC","92004","2015-08-17T06:30:00Z","Cape Town",,"South Africa",,"V5-NRS","441-0288","false","Aviation","",,,"Fatal","7","0","0","7","0",,,,"-33.83361","18.566666999999999","CESSNA","441","AIR",,,"false",,,,,"NUSC","Destroyed",,,"Approach","N/A",,,"","None"
"ERA15RA199","ACC","91088","2015-04-13T07:09:00Z","North Vancouver",,"Canada",,"C-GSKC","TC-235","false","Aviation","",,,"Fatal","2","0","0","2","0",,,,"49.423053000000003","-123.005279","SWEARINGEN","SA226-TC","AIR",,,"false","2","TP","NSCH",,"NUSC","Destroyed",,"Carson Air Ltd","Enroute","N/A",,,"","None"
"ERA15WA167","ACC","90915","2015-03-20T18:05:00Z","Mitu",,"Colombia",,"HK2327",,"false","Aviation","",,,"Fatal","2","0","2","4","0",,,,"-1.174722","-70.273887000000002","CESSNA","TU206 - G","AIR","SKMU","Fabio Alberto Leon Bently Airp","false",,,,,"NUSC","Substantial",,"Aerolineas Llaneras - Arall LTDA","Enroute","N/A",,,"","None"
"ERA15RA163","ACC","90896","2015-03-19T04:00:00Z","Punta del Este",,"Uruguay",,"LV-CEO","LJ-454","false","Aviation","",,,"Fatal","10","0","0","10","0",,,,"-34.855277999999998","-55.094164999999997","BEECH","B90","AIR","SULS","Cpt Corbeta CA Curbelo Intl","false","2","TP","NSCH",,"NUSC","Destroyed","VMC",,"Initial Climb","N/A",,,"","None"
"ERA15WA159","ACC","90885","2015-03-15T12:00:00Z","Macas",,"Ecuador",,"HC-CNC","826972-R","false","Aviation","",,,"Fatal","1","0","0","1","0",,,,"-2.2963879999999999","-78.115836999999999","PIPER","PA-34-200T","AIR",,,"false",,"REC",,,"NUSC","Destroyed","Unknown",,"Enroute","N/A",,,"","None"
"ERA15WA082","ACC","90535","2014-12-24T20:50:00Z","Piedecuesta",,"Colombia",,"HK4892","20700646","false","Aviation","",,,"Fatal","7","0","0","7","0",,,,"6.989166","-73.045828999999998","CESSNA","T207 - A","AIR",,,"false","1","REC","NSCH",,"NUSC","Destroyed","Unknown","Aerolineas Alas de De Colombia LTDA","Enroute","N/A",,,"","None"
"ERA15WA070","ACC","90453","2014-12-03T15:35:00Z","Mariquita",,"Colombia",,"HK4464","31-7952229","false","Aviation","",,,"Fatal","10","0","0","10","0",,,,"5.2713890000000001","74.869720000000001","PIPER","PA-31-350","AIR","SKQU","Mariquita","false","2","REC","NSCH",,"NUSC","Destroyed",,"Nacional De Aviacion S.A.",,"N/A",,,"","None"
"ERA14WA429","ACC","90046","2014-09-06T20:05:00Z","Araracuara",,"Colombia",,"HK4755","31-7952044","false","Aviation","",,"2014-09-16T11:48:00Z","Fatal","10","0","0","10","0",,,,"-0.58444399999999996","-72.319725000000005","PIPER","PA-31-350","AIR","SKAC","Araracuara Airport","false","2","REC","SCHD",,"NUSC","Destroyed","VMC","Latinoamericana De Sevicios Aereos - Laser S.A.S",,"N/A",,,"https://data.ntsb.gov/Docket?ProjectID=90046","None"
"CEN14WA531","ACC","90258","2014-08-16T08:30:00Z","Manan",,"Canada",,"C-GKWE","31-7812037","false","Aviation","",,,"Fatal","2","0","2","4","0",,,,"44.713332999999999","66.796942999999999","PIPER","PA-31","AIR","CCN2","Grand Manan","false",,,,,"NUSC","Substantial",,"Manan Air Service",,"N/A",,,"","None"
"ERA14WA442","ACC","90091","2014-08-09T21:20:00Z","Mitu",,"Colombia",,"HK-1921","C18264769","false","Aviation","",,,"Fatal","1","1","1","3","0",,,,"1.275555","-70.219443999999996","CESSNA","182 - P","AIR",,,"false",,,,,"NUSC","Substantial",,"LASER AÉREO S.A.S",,"N/A",,,"","None"
"DCA14RA127","ACC","89686","2014-07-17T04:00:00Z","Hrabove",,"Ukraine",,"9M-MRD",,"false","Aviation","",,,"Fatal","298","0","0","295",,,,,,,"BOEING","777 - 206","AIR",,,"false",,,"SCHD",,"NUSC","Destroyed",,"MALAYSIAN AIRLINES SYSTEM BERHAD","Enroute","N/A",,"Prelim","","None"
"DCA14WA138","ACC","89810","2014-07-02T04:00:00Z","Nairobi",,"Kenya",,"5Y-CET",,"false","Aviation","",,,"Fatal","4","0","0","4","0",,,,"-1.2877769999999999","36.950831999999998","FOKKER","F27 - 50","AIR",,,"false",,,,,"NUSC","Destroyed",,,"Initial Climb","N/A",,,"","None"
"DCA14WA151","ACC","89930","2014-04-22T10:40:00Z","Kimberley",,"South Africa",,"ZS-LLD",,"false","Aviation","",,,"Fatal","2","0","0","2","0",,,,"-29.436665999999999","23.129999000000002","PIPER","PA46","AIR",,,"false",,,,,"NUSC","Destroyed",,,"Enroute","N/A",,,"","None"
"DCA14RA076","ACC","88885","2014-03-08T05:00:00Z","Kuala Lampur",,"Malaysia",,"9M-MRO",,"false","Aviation","",,,"Fatal","241","0","0","239",,,,,,,"BOEING","777 - 206","AIR","WMKK","Kuala Lumper International","false",,,"SCHD",,"NUSC","Destroyed",,"Malaysian Airlines","Enroute","N/A",,"Prelim","","None"
"DCA14WA179","ACC","92434","2014-02-03T07:00:00Z","Lanseria",,"South Africa",,"ZS-CLT",,"false","Aviation","",,,"Fatal","3","0","0","3","0",,,,"-25.938333","27.921942999999999","BEECH","C90","AIR",,,"false",,,,,"NUSC","Destroyed",,,"Approach","N/A",,,"","None"
"ERA14WA100","ACC","88704","2014-01-19T16:00:00Z","Olive Creek",,"Guyana",,"8R-GHS","0830","false","Aviation","","2020-11-03T05:00:00Z","2014-01-30T14:52:00Z","Fatal","2","0","0","2","0",,,,"6.1666660000000002","-61.5","CESSNA","208B","AIR","SYOC","Olive Creek Airport","false",,,"NSCH",,"NUSC","Destroyed","Unknown","Trans Guyana Airways","Unknown","N/A",,"Final","https://data.ntsb.gov/Docket?ProjectID=88704","None"
"ERA14WA069","ACC","88540","2013-12-04T15:30:00Z","Novo Prgresso",,"Brazil",,"PT-WMY","314","false","Aviation","","2020-11-03T05:00:00Z","2013-12-11T16:18:00Z","Fatal","5","0","0","5","0",,,,"-8.1750000000000007","-53.452499000000003","BRITTEN NORMAN","BN2A - 2","AIR","SJNP","Novo Progresso Airport","false",,,,,"NUSC","Substantial",,"Heringer Taxi Aereo, Ltda","Enroute","N/A",,"Final","https://data.ntsb.gov/Docket?ProjectID=88540","None"
"ERA13WA411","ACC","88021","2013-09-09T09:40:00Z","Valparaiso",,"Chile",,"CC-CNW","8063","false","Aviation","","2020-11-03T05:00:00Z","2013-10-23T15:56:00Z","Fatal","2","0","0","2","0","On September 9, 2013, about 0940 universal coordinated time (UTC), a Dornier 228-202K CC-CNW impacted terrain while on approach for landing at Viña del Mar Airfield/NAS Base Aeronaval Viña del Mar in Chile. The airplane was destroyed, and the commercial pilot and copilot were fatally injured. Instrument meteorological conditions prevailed. It was not determined where the flight originated from.
 
The aircraft collided with power lines while attempting to land in fog. The Instrument Landing System was reported to be inoperable at the time of the accident. 
 
This investigation is under the jurisdiction of the Government of Chile. Any further information can be obtained from: 

Alonso Lefno
Director of Accident Prevention
Analysis Office Directorate General of Civil Aeronautics
Elena Blanco #1050, Providencia, Santiago de Chile
7541084
(56) 2439 2386
alefno@dgac.gob.cl 
Investigation Division 
SHIS-QI 05-VI Comar, Brasilia-DF, Brazil, 71.615-600
(55-61) 3364-8838, dac.saai@cenipa.aer.mil.br
 
This report is for informational purposes only, and contains information released by or obtained for the Government of Chile.",,,"-32.950000000000003","-71.5","DORNIER","228","AIR",,"Vina Del Mar","false",,,"SCHD",,"NUSC","Destroyed",,"Tranportes Aereos Corporativos Coprflite, LTDA","Approach","N/A",,"Final","https://data.ntsb.gov/Docket?ProjectID=88021","None"
"ERA13WA287","ACC","87211","2013-06-13T20:28:00Z","Taisha",,"Ecuador",,"HC-CMX","22-1958","false","Aviation","","2020-11-03T05:00:00Z","2013-06-25T16:35:00Z","Fatal","4","0","0","4","0",,,,"-2.2847219999999999","-77.500556000000003","PIPER","PA22","AIR","SETH","Taisha Airport","false",,"REC","NSCH",,"NUSC","Substantial",,"Aero Liderman","Initial Climb","N/A",,"Final","https://data.ntsb.gov/Docket?ProjectID=87211","None"
"ERA13WA226","ACC","86797","2013-04-26T12:15:00Z","Belem",,"Brazil",,"PR-LJI","21060724","false","Aviation","","2020-11-03T05:00:00Z","2013-05-06T20:31:00Z","Fatal","2","2","4","8","0",,,,"-1.4077770000000001","-48.463889999999999","CESSNA","210L","AIR","SBJC","Brigadeiro Protasio de Oliveir","false","1",,"NSCH",,"NUSC","Substantial","VMC","Brabo Taxi Aereo Ltda.","Approach","N/A",,"Final","https://data.ntsb.gov/Docket?ProjectID=86797","None"
"ERA13WA178","ACC","86483","2013-03-12T23:30:00Z","Almeirim Municipality",,"Brazil",,"PT-VAQ","820140","false","Aviation","","2020-11-03T05:00:00Z","2013-04-09T19:41:00Z","Fatal","10","0","0","10","0",,,,"-0.86694400000000005","-52.643611","Embraer Aircraft","EMB-820C","AIR",,,"false","2","TP","NSCH",,"NUSC","Destroyed","VMC","Fretax Taxi Aereo Ltda.","Unknown","N/A",,"Final","https://data.ntsb.gov/Docket?ProjectID=86483","None"
"ERA13WA158","ACC","86373","2013-03-06T13:45:00Z","La Libertad",,"Peru",,"OB-1992","BB-1682","false","Aviation","","2020-11-03T05:00:00Z","2013-04-08T18:45:00Z","Fatal","9","0","0","9","0",,,,"-7.9194440000000004","-77.525833000000006","BEECH","B200","AIR","SPIS","Pias Airport","false","2","TP","NSCH",,"NUSC","Destroyed",,"Aero Transporte Sociedad Anonima ATSA","Maneuvering","N/A",,"Final","https://data.ntsb.gov/Docket?ProjectID=86373","None"
"WPR12WA334","ACC","84507","2012-07-11T20:20:00Z","Broome, Australia",,"Australia",,"VH-LCK","34-7350236","false","Aviation","","2020-11-03T05:00:00Z",,"Fatal","1","0","0","1","0",,,,,,"PIPER","PA34","AIR",,,"false","2","REC","NSCH",,"NUSC","Substantial",,,"Enroute","N/A",,"Final","","None"
"DCA12WA071","ACC","83619","2012-05-09T07:50:00Z","Mt. Salak",,"Indonesia",,"RP97004","97004","false","Aviation","","2020-11-03T05:00:00Z",,"Fatal","44","0","0","44","0",,,,,,"SUKHOI","SJ100","AIR","WIHH","Jakarta Halim","false","2","TF","NSCH",,"NUSC","Destroyed",,"Sukhoi","Enroute","N/A",,"Final","","None"
"DCA12RA065","ACC","83486","2012-04-20T13:40:00Z","Islamabad",,"Pakistan",,"AP-BKC","23167","false","Aviation","","2020-11-03T05:00:00Z",,"Fatal","127","0","0","127","0",,,,,,"BOEING","737","AIR","ISB","Islamabad Benazir Bhutto Int'l","false","2",,"SCHD",,"NUSC","Destroyed",,"Bhoja Air",,"N/A",,"Final","","None"
"ERA12WA249","ACC","83202","2012-03-22T03:58:00Z","Puerto Aguiree",,"Chile",,"CC-AEB","FL128","false","Aviation","","2020-11-03T05:00:00Z","2012-04-08T21:11:00Z","Fatal","8","0","0","8","0",,,,"-45.156387000000002","-73.186385999999999","BEECH","300","AIR",,,"false","2",,"NSCH",,"NUSC","Destroyed","VMC","Inaer Helicopter Chile S.A.","Enroute","N/A",,"Final","https://data.ntsb.gov/Docket?ProjectID=83202","None"
"ERA12WA238","ACC","83178","2012-02-16T13:30:00Z","Cameta",,"Brazil",,"PT-LOU","TC2427","false","Aviation","","2020-11-03T05:00:00Z","2012-04-08T21:20:00Z","Fatal","4","0","0","4","0",,,,"-2.2413880000000002","-49.551665999999997","BEECH","95B55","AIR",,,"false",,,"NSCH",,"NUSC","Destroyed",,"Norta Jet Taxi Aereo, LTD","Initial Climb","N/A",,"Final","https://data.ntsb.gov/Docket?ProjectID=83178","None"
"DCA11WA108","ACC","81983","2011-09-29T01:03:00Z","Aceh",,"Indonesia",,"PK-TLF",,"false","Aviation","",,,"Fatal","18","0","0","18","0",,,,,,"Aviocar CASA","C212","AIR","WIMM","Polonia Medan","false","2","TP","SCHD",,"NUSC","Substantial",,"Nusantara Buana Air","Enroute","N/A",,,"","None"
"DCA11WA103","ACC","81890","2011-09-25T01:49:00Z","Bishankhunarayan",,"Nepal",,"9N-AEK","UE-295","false","Aviation","","2020-11-03T05:00:00Z",,"Fatal","19","0","0","19","0",,,,,,"BEECH","1900","AIR",,,"false",,,"SCHD",,"NUSC","Substantial",,"Buddha Air",,"N/A",,"Final","","None"
"WPR11WA475","ACC","81944","2011-09-09T03:23:00Z","Wamean, West Papua",,"Indonesia",,"PK-VVE","208B 1287","false","Aviation","","2020-11-03T05:00:00Z",,"Fatal","2","0","0","2","0",,,,"4.4161099999999998","139.00277700000001","CESSNA","208B","AIR",,,"false","1",,"SCHD",,"NUSC","Substantial",,"PT Asi Pudjiastuti Aviation","Enroute","N/A",,"Final","","None"
"DCA11RA098","ACC","81731","2011-09-06T19:10:00Z","Trinidad",,"Bolivia",,"CP2548",,"false","Aviation","","2020-11-03T05:00:00Z",,"Fatal","8","1","0","9","0",,,,,,"M7Aero","SW3","AIR","SLTR","Trinidad","false","2","TP","SCHD",,"NUSC","Substantial","IMC","AeroCon","Approach","N/A",,"Final","","None"
"ERA11WA470","ACC","81582","2011-08-20T16:50:00Z","Region del Bio Bio",,"Chile",,"CC-CTT",,"false","Aviation","","2020-11-03T05:00:00Z","2011-08-24T14:56:00Z","Fatal","2","0","0","2","0",,,,"-36.977499999999999","-72.330832999999998","PIPER","PA30","AIR","SCIE","Concepcion","false","2","REC","NSCH",,"NUSC","Substantial","VMC","Aero Transportes Araucania","Maneuvering","N/A",,"Final","https://data.ntsb.gov/Docket?ProjectID=81582","None"
"DCA11RA087","ACC","81262","2011-07-27T19:12:00Z","Jeju Island",,"Republic Of Korea",,"HL-7604",,"true","Aviation","",,"2016-02-09T20:40:00Z","Fatal","2","0","0","2","0",,,,,,"BOEING","747","AIR",,,"false","4",,"SCHD",,"NUSC","Destroyed",,"ASIANA AIRLINES INC","Enroute","N/A",,"Prelim","https://data.ntsb.gov/Docket?ProjectID=81262","None"
"DCA11RA080","ACC","81073","2011-07-08T13:11:00Z","Kisangani",,"Congo",,"9Q-COP","18323","false","Aviation","","2020-11-03T05:00:00Z",,"Fatal","77","0","0","77","0",,,,,,"BOEING","727","AIR",,,"false","3",,"SCHD",,"NUSC","Substantial",,"Hewa Bora Airlines",,"N/A",,"Final","","None"
"ERA11WA265","ACC","78969","2011-04-21T18:50:00Z","Manaus",,"Brazil",,"PT-EFS","810055","false","Aviation","","2020-11-03T05:00:00Z","2011-04-27T14:31:00Z","Fatal","7","0","0","7","0",,,,"-3.0411100000000002","-60.050556","EMBRAER","EMB-810C","AIR","SBEG","Eduardo Gomes Airport","false","2",,"NSCH",,"NUSC","Destroyed",,"Transportadora Amazonaves Ltda","Initial Climb","N/A",,"Final","https://data.ntsb.gov/Docket?ProjectID=78969","None"
"DCA11WA027","ACC","78338","2011-02-12T07:40:00Z","Tanjung Pinang",,"Indonesia",,"PK-ZAI",,"false","Aviation","","2020-11-03T05:00:00Z",,"Fatal","5","0","0","5","0",,,,,,"Indonesian Aerospace","212","AIR",,,"false","2",,"NSCH",,"NUSC","Destroyed",,"PT Sabang Merauke Air Charter",,"N/A",,"Final","","None"
"DCA11RA025","ACC","78324","2011-02-10T10:50:00Z","Cork",,"Ireland",,"EC-ITP","BC-789B","false","Aviation","","2020-11-03T05:00:00Z",,"Fatal","6","6","0","12","0",,,,,,"SWEARINGEN","SA227","AIR","EICK","Cork","false","2",,"SCHD",,"NUSC","Destroyed","IMC","Flightline","Approach","N/A",,"Final","","None"
"DCA11WA008","ACC","77822","2010-11-05T04:00:00Z","Karachi",,"Pakistan",,"AP-BJD",,"false","Aviation","","2020-11-03T05:00:00Z",,"Fatal","21","0","0","21","0",,,,,,"BEECH","1900","AIR","KHI","Karachi-Jinnah International","false","2",,"NSCH",,"NUSC","Destroyed",,"JS Air Pakistan","Initial Climb","N/A",,"Final","","None"
"DCA11WA003","ACC","77556","2010-10-12T15:05:00Z","Kabul",,"Afghanistan",,"5X-TUC",,"false","Aviation","","2020-11-03T05:00:00Z",,"Fatal","8","0","0","8","0",,,,"34.546390000000002","69.489997000000002","LOCKHEED","L-100","AIR",,"Kabul International Airport","false",,,"NSCH",,"NUSC","Destroyed",,"Trans Afrique Airlines","Approach","N/A",,"Final","","None"
"ERA11WA004","ACC","77483","2010-10-02T21:02:00Z","Nazca",,"Peru",,"OB-1808","1850148","false","Aviation","","2020-11-03T05:00:00Z","2010-10-07T13:14:00Z","Fatal","6","0","0","6","0",,,,"-14.842777999999999","-74.991943000000006","CESSNA","185","AIR","SPZA","Maria Reiche Neuman Airport","false","1","REC","NSCH",,"NUSC","Substantial","VMC","Air Nasca","Initial Climb","N/A",,"Final","https://data.ntsb.gov/Docket?ProjectID=77483","None"
"WPR10WA443","ACC","77167","2010-08-31T06:30:00Z","Bugoiya",,"Papua New Guinea",,"PA-TAA","550-0145","false","Aviation","","2020-11-03T05:00:00Z","2010-09-15T14:52:00Z","Fatal","4","0","1","5","0",,,,"-10.689722","152.83193900000001","CESSNA","550","AIR","MIS","Misima Airport","false","2","TJ","NSCH",,"NUSC","Substantial","VMC","Trans Air PNG","Landing","N/A",,"Final","https://data.ntsb.gov/Docket?ProjectID=77167","None"
"DCA10WA087","ACC","77081","2010-08-24T13:40:00Z","Yichun",,"China",,"B-3130",,"false","Aviation","","2020-11-03T05:00:00Z",,"Fatal","42","7","47","96","0",,,,,,"EMBRAER","ERJ190","AIR","ZYLD","Yichun Airport","false",,"TF","SCHD",,"NUSC","Destroyed",,"Henan Airlines",,"N/A",,"Final","","None"
"DCA10WA089","ACC","77130","2010-08-24T04:00:00Z","Kathmandu",,"Nepal",,"9N-AHE","7032","false","Aviation","","2020-11-03T05:00:00Z",,"Fatal","14","0","0","14","0",,,,,,"DORNIER","228","AIR","VNKT","Kathmandu-Tribhuvan Airport","false",,"TP","SCHD",,"NUSC","Destroyed",,"Agni Air",,"N/A",,"Final","","None"
"DCA10RA085","ACC","76970","2010-08-16T01:50:00Z","San Andres Island",,"Colombia",,"HK-4682",,"false","Aviation","","2020-11-03T05:00:00Z",,"Fatal","1","17","67","85","0",,,,,,"BOEING","737","AIR","SKSP","San Andreas Island","false","2","TF","SCHD",,"NUSC","Substantial",,"Aires","Landing","N/A",,"Final","","None"
"DCA10WA081","ACC","76844","2010-07-28T04:00:00Z","Islamabad",,"Pakistan",,"AP-BCB",,"false","Aviation","","2020-11-03T05:00:00Z",,"Fatal","157","0","0","157","0",,,,,,"AIRBUS","A321","AIR","OPRN","Benazir Bhutto International","false","2","TF","SCHD",,"NUSC","Destroyed",,"Airblue",,"N/A",,"Final","","None"
"CEN10RA337","ACC","76409","2010-06-23T05:58:00Z","Quebec City",,"Canada",,"C-FGIN","B-164","false","Aviation","","2020-11-03T05:00:00Z","2010-07-23T20:14:00Z","Fatal","7","0","0","7","0",,,,"46.794998","-71.438056000000003","Hawker Beechcraft Corp.","A100","AIR","YQB","Québec City Jean Lesage IAP","false","2","TP","NSCH",,"NUSC","Destroyed","VMC","Aeropro",,"N/A",,"Final","https://data.ntsb.gov/Docket?ProjectID=76409","None"
"CEN10RA319","ACC","76322","2010-06-13T18:00:00Z","Felipe Carrillo Puerto",,"Mexico",,"XA-TWK","0992","false","Aviation","","2020-11-03T05:00:00Z","2010-07-01T15:55:00Z","Fatal","9","0","0","9","0",,,,"19.609999999999999","-88.074164999999994","CESSNA","208","AIR",,"Felipe Carrillo","false","1","TP","NSCH",,"NUSC","Substantial",,"SERVICIOUS AEREOS MILENIO","Initial Climb","N/A",,"Final","https://data.ntsb.gov/Docket?ProjectID=76322","None"
"DCA10RA063","ACC","76074","2010-05-22T00:40:00Z","Manglaore",,"India",,"VT-AXV",,"false","Aviation","","2020-11-03T05:00:00Z",,"Fatal","158","7","0","165","0",,,,,,"BOEING","737","AIR",,,"false","2",,"SCHD",,"NUSC","Destroyed",,"Air India Charters",,"N/A",,"Final","","None"
"DCA10RA059","ACC","75988","2010-05-12T04:00:00Z","Tripoli",,"Libya",,"5A-ONG","1024","false","Aviation","","2020-11-03T05:00:00Z",,"Fatal","103","1","0","104","0",,,,,,"AIRBUS","A330","AIR",,,"false",,"TF","SCHD",,"NUSC","Destroyed",,"Afriqiyah Airways",,"N/A",,"Final","","None"
"WPR10WA185","ACC","75596","2010-03-28T09:00:00Z","Northam, Australia",,"Australia",,"VH-KDS","30-952","false","Aviation","","2020-11-03T05:00:00Z","2010-03-30T13:07:00Z","Fatal","2","0","0","2","0",,,,"-31.899999000000001","116.400001","PIPER","PA30","AIR",,,"false",,,"NSCH",,"NUSC","Substantial",,"Ronald Camp","Enroute","N/A",,"Final","https://data.ntsb.gov/Docket?ProjectID=75596","None"
"ERA10WA153","ACC","75415","2010-02-25T17:30:00Z","Nazca",,"Peru",,"OB-1117","U20603276","false","Aviation","","2020-11-03T05:00:00Z","2010-03-03T20:06:00Z","Fatal","7","0","0","7","0",,,,"-14.766666000000001","-75.083335000000005","CESSNA","U206F","AIR",,,"false","1",,"NSCH",,"NUSC","Destroyed","VMC","Nazca Airlines","Unknown","N/A",,"Final","https://data.ntsb.gov/Docket?ProjectID=75415","None"
"DCA10RA023","ACC","75304","2010-01-25T01:41:00Z","Beirut",,"Lebanon",,"ET-ANB","29935","false","Aviation","","2020-11-03T05:00:00Z",,"Fatal","90","0","0","90","0",,,,"39.821109","35.488334000000002","BOEING","737","AIR","OLBA","Rafic Hariri International","false","2",,"SCHD",,"NUSC","Destroyed","IMC","Ethiopian Airlines","Initial Climb","N/A",,"Final","","None"
"WPR10RA093","ACC","75215","2009-12-30T07:18:00Z","Baindoang, PNG",,"Papua New Guinea",,"P2-MJL","18501947","false","Aviation","",,"2016-10-24T17:22:00Z","Fatal","6","1","0","7","0",,,,,,"CESSNA","185","AIR",,"Baindoang Airstrip","false","1","REC","NSCH",,"NUSC","Destroyed","VMC","Kiunga Aviation","Enroute","N/A",,,"https://data.ntsb.gov/Docket?ProjectID=75215","None"
"DCA10RA013","ACC","75104","2009-11-28T09:16:00Z","Shanghai",,"China",,"Z-BAV","48408","false","Aviation","","2020-11-03T05:00:00Z",,"Fatal","3","4","0","7","0",,,,,,"MCDONNELL DOUGLAS","MD11","AIR","ZSPD","Pudong Shanghai","false","3",,"SCHD",,"NUSC","Destroyed",,"Avient Aviation",,"N/A",,"Final","","None"
"WPR10WA108","ACC","75259","2009-11-17T13:00:00Z","Kojonup, Australia",,"Australia",,"VH-ZRR","18802103T","false","Aviation","","2020-11-03T05:00:00Z","2010-01-13T15:16:00Z","Fatal","1","0","0","1","0",,,,,,"CESSNA","A188","AIR",,,"false","1",,"NSCH",,"NUSC","Substantial","VMC","South West Aerial Services Pty Ltd","Maneuvering","N/A",,"Final","https://data.ntsb.gov/Docket?ProjectID=75259","None"
"ERA10WA044","ACC","74995","2009-10-22T14:17:00Z","Kralendijk, Bonaire",,"Netherlands Antilles",,"PJ-SUN",,"false","Aviation","","2020-11-03T05:00:00Z",,"Fatal","1","0","9","10","0",,"Not determined - Not determined - (general) - (general) - Other authority investigated",,"12.140276999999999","-68.310553999999996","BRITTEN NORMAN","BN2A","AIR","TNCB","Bonaire","false","2",,"SCHD",,"NUSC","Substantial","VMC","Divi Divi Air NV","Enroute","N/A",,"Final","","None"
"DCA10RA010","ACC","75062","2009-10-21T11:31:00Z","Sharjah",,"United Arab Emirates",,"ST-AKW",,"false","Aviation","","2020-11-03T05:00:00Z",,"Fatal","6","0","0","6","0",,,,,,"BOEING","707","AIR","SHJ","Sharjah International Airport","false",,,"NSCH",,"NUSC","Destroyed",,"Sudan Airways",,"N/A",,"Final","","None"
"DCA09WA079","ACC","75685","2009-09-24T05:57:00Z","Durban",,"South Africa",,"ZS-NRM","41069","false","Aviation","","2020-11-03T05:00:00Z",,"Fatal","1","2","0","3","0",,,,"-29.954720999999999","30.970555999999998","BAE","JETSTREAM 41","AIR","DUR","Durban International Aiport","false","2","TP","NSCH","POSI","NUSC","Substantial",,,,"N/A",,"Final","","None"
"DCA09WA070","ACC","74458","2009-08-01T11:30:00Z","Nairobi",,"Kenya",,"5Y-LMB",,"false","Aviation","","2020-11-03T05:00:00Z",,"Fatal","1","1","2","4","0",,,,"-1.321666","36.814723000000001","CESSNA","U206","AIR",,,"false","1",,"NSCH",,"NUSC","Destroyed","VMC","African Inland Mission",,"N/A",,"Final","","None"
"DCA09WA063","ACC","74151","2009-06-29T22:51:00Z","Moroni",,"Comoros",,"7O-ADJ","535","false","Aviation","","2020-11-03T05:00:00Z",,"Fatal","152","1","0","153","0",,,,"-11.536389","43.271388999999999","AIRBUS","A310","AIR","FMCH","Prince Said Ibrahim Intl.","false","2",,"SCHD",,"NUSC","Destroyed",,"Yemenia",,"N/A",,"Final","","None"
"DCA09RA052","ACC","73941","2009-06-01T02:20:00Z","Atlantic",,"France",,"F-GZCP","660","false","Aviation","","2020-11-03T05:00:00Z",,"Fatal","228","0","0","228","0",".",,,"2.98","-30.59","AIRBUS","A330","AIR",,,"false","2",,"SCHD",,"NUSC","Destroyed",,"Air France",,"N/A",,"Final","","None"
"ERA09WA253","ACC","73685","2009-04-17T19:45:00Z","Canaima",,"Venezuela",,"YV1181","0695","false","Aviation","","2020-11-03T05:00:00Z",,"Fatal","1","6","5","12","0","None.",,,"6.199999","-62.849997999999999","CESSNA","208","AIR","SVCN","Aerodromo De Canaima","false","1",,"NSCH",,"NUSC","Substantial","VMC","Linea Turistica Aerotuy Lta","Takeoff","N/A",,"Final","","None"
"ERA09WA241","ACC","73649","2009-04-13T23:05:00Z","Concepcion",,"Bolivia",,"CP-1373","21062086","false","Aviation","","2020-11-03T05:00:00Z",,"Fatal","4","0","0","4","0",,,,"-16.151388000000001","-62.011665000000001","CESSNA","210","AIR","SLCP","Concepcion","false","1",,"NSCH",,"NUSC","Destroyed","VMC",,"Initial Climb","N/A",,"Final","","None"
"ERA09WA180","ACC","73425","2009-03-02T17:23:00Z","San Miguel",,"Venezuela",,"YV-2129","B-83","false","Aviation","","2020-11-03T05:00:00Z",,"Fatal","6","0","0","6","0","None.",,,"9.3913879999999992","-70.204443999999995","BEECH","BE-100","AIR",,,"false","2",,"NSCH",,"NUSC","Destroyed","IMC","Commad Air C.A.",,"N/A",,"Final","","None"
"DCA09RA030","ACC","73389","2009-02-25T11:40:00Z","Amsterdam",,"Netherlands",,"TC-JGE",,"false","Aviation","","2020-11-03T05:00:00Z","2010-05-06T12:00:00Z","Fatal","9","27","53","89","0",,,,,,"BOEING","B737-800","AIR",,,"false","2",,"SCHD",,"NUSC","Destroyed",,"TURKISH AIRLINES INC",,"N/A",,"Final","https://data.ntsb.gov/Docket?ProjectID=73389","None"
"ERA09WA166","ACC","73355","2009-02-07T19:10:00Z","Coari",,"Brazil",,"PR-SAE","110352","false","Aviation","","2020-11-03T05:00:00Z",,"Fatal","24","0","4","28","0",,"Not determined - Not determined - (general) - (general) - Other authority investigated",,"-3.2555550000000002","-60.669722999999998","EMBRAER","EMB110","AIR","SWKO","Coari, Amazonas","false","2","TP","NSCH",,"NUSC","Destroyed",,"Manaus Aerotaxi","Uncontrolled Descent","N/A",,"Final","","None"
"ANC09WA013","ACC","69478","2008-11-16T11:30:00Z","Vancouver",,"Canada",,"C-FPCK","1187","false","Aviation","","2020-11-03T05:00:00Z",,"Fatal","7","1","0","8","0",,,,,,"GRUMMAN","G-21A","AIR",,,"false","2","REC","NSCH",,"NUSC","Destroyed",,"Pacific Coastal Airlines Ltd",,"N/A",,"Final","","None"
"ERA09WA069","ACC","69496","2008-10-28T15:40:00Z","Nuqui",,"Colombia",,"HK-2446",,"false","Aviation","","2020-11-03T05:00:00Z",,"Fatal","4","3","0","7","0",,,,,,"PIPER","PA-34","AIR",,,"false","2",,"SCHD",,"NUSC","Substantial",,"Aeroexpreso Del Pacifico",,"N/A",,"Final","","None"
"DCA08RA097","ACC","68927","2008-09-14T04:00:00Z","Perm",,"Russia",,"VP-BKO",,"false","Aviation","",,,"Fatal","88","0","0","88","0",,,,,,"Boeing","737-500","AIR",,,"false",,,"SCHD",,"NUSC","Destroyed",,"Aeroflot-Nord",,"N/A",,,"","None"
"NYC08RA286","ACC","68771","2008-08-24T15:45:00Z","Zacapa",,"Guatemala",,"TG-JCS",,"false","Aviation","",,,"Fatal","11","3","0","14","0",,,,"14.9375","-89.812224999999998","Cessna","208","AIR",,,"false",,,"NSCH",,"NUSC","Destroyed","VMC","Aero Ruta Maya",,"N/A",,,"","None"
"DCA08WA092","ACC","68774","2008-08-24T14:40:00Z","Bishkek",,"Kyrgyzstan",,"Ex-009","22088","false","Aviation","","2020-11-03T05:00:00Z",,"Fatal","65","0","25","90","0",";kh",,,"43.073611999999997","74.363051999999996","BOEING","737","AIR","FRU","Manas Airport","false",,,"SCHD",,"NUSC","Destroyed",,"Itek Air",,"N/A",,"Final","","None"
"DCA08RA090","ACC","68740","2008-08-20T04:00:00Z","Madrid",,"Spain",,"EC-HFP",,"true","Aviation","",,,"Fatal","154","18","0","172",,,,,,,"Boeing","MD-82","AIR",,,"false",,,"SCHD",,"NUSC","Destroyed",,"Spanair",,"N/A",,"Prelim","","None"
"ANC08WA096","ACC","68605","2008-08-03T07:00:00Z","Port Hardy",,"Canada",,"C-GPCD","B76","false","Aviation","","2020-11-03T05:00:00Z",,,"5","1","1","7","0",".",,,"50.466667000000001","-127.466667","GRUMMAN","G-21A","AIR",,,"false","2","REC","SCHD",,"NUSC","Substantial",,"Pacific Coastal Airlines Ltd.",,"N/A",,"Final","","None"
"MIA08WA139","ACC","68422","2008-07-10T10:28:00Z","Puerto Montt",,"Chile",,"CC-CFM",,"false","Aviation","",,,"Fatal","9","0","0","9","0",,,,"-41.457777999999998","-72.918609000000004","Raytheon Aircraft Company","99A","AIR",,,"false",,,"SCHD",,"NUSC","Destroyed","IMC","Aerocord",,"N/A",,,"","None"
"DCA08WA073","ACC","68213","2008-06-10T12:00:00Z","Nairegi Enkera",,"Kenya",,"5Y-BVE",,"false","Aviation","",,,"Fatal","4","0","0","4","0",,,,,,"Cessna","210","AIR",,,"false",,,"NSCH",,"NUSC","Destroyed","IMC",,"Enroute","N/A",,,"","None"
"DCA08WA072","ACC","68212","2008-06-10T11:26:00Z","Khartoum",,"Sudan",,"ST-ATN",,"false","Aviation","","2020-11-03T05:00:00Z",,"Fatal","30","0","0","30","0",,,,,,"Airbus Industrie","A310-324","AIR",,,"false",,,"SCHD",,"NUSC","Destroyed","IMC","Sudan Airways",,"N/A",,"Final","","None"
"NYC08WA209","ACC","68187","2008-06-07T04:00:00Z","La Junta",,"Chile",,"CC-CTR",,"false","Aviation","",,,"Fatal","1","0","9","10","0",,,,,,"Cessna","208B","AIR",,,"false",,,"NSCH",,"NUSC","Substantial","IMC","Patagonia Airlines",,"N/A",,,"","None"
"DCA08RA068","ACC","68124","2008-05-30T09:45:00Z","Tegucgalpa",,"Honduras",,"EI-TAF",,"false","Aviation","",,,"Fatal","5","0","5","8","2",,,,"14.060832","-87.217224000000002","Airbus Industrie","A320-233","AIR",,,"false",,,"SCHD",,"NUSC","Substantial","IMC","Groupo Taca Airlines",,"N/A",,,"","None"
"MIA08WA102","ACC","68040","2008-05-15T18:00:00Z","Ucayali",,"Peru",,"OB-1203","C21063884","false","Aviation","",,,"Fatal","5","1","0","6","0",,,,"-9.7188890000000008","-70.705557999999996","Cessna","T210N","AIR",,,"false","1","REC","NSCH",,"NUSC","Destroyed","VMC","Aero Montanas SA - AMSA",,"N/A",,,"","None"
"NYC08WA175","ACC","67932","2008-05-02T21:43:00Z","Ilheua",,"Brazil",,"PT-JGX",,"false","Aviation","",,,"Fatal","6","0","0","6","0",,,,,,"Cessna","C-310Q","AIR",,,"false",,,"NSCH",,"NUSC",,,,,"N/A",,,"","None"
"DCA08RA053","ACC","67928","2008-05-02T08:10:00Z","Rumbek",,"Sudan",,"5Y-FLE",,"false","Aviation","",,,"Fatal","20","0","0","20","0",,,,,,"Beech","1900C","AIR",,,"false",,,"NSCH",,"NUSC","Destroyed",,"Flex Air Cargo Unlimited",,"N/A",,,"","None"
"NYC08WA173","ACC","67916","2008-04-28T15:25:00Z","Maiquetia",,"Venezuela",,"N6463L",,"false","Aviation","",,,"Fatal","8","0","0","3","5",,,,"10.603054999999999","-66.990554000000003","Piper","PA-31-310","AIR",,,"false",,,"NSCH",,"NUSC","Destroyed",,"Aircraft Guaranty Holdings & Trust LLC Trustee",,"N/A",,,"","None"
"DCA08RA050","ACC","67845","2008-04-15T04:00:00Z","Goma",,"Congo",,"9Q-CHN",,"false","Aviation","",,,"Fatal","40","111","0","43","108",,,,,,"McDonnell Douglas","DC-9-51","AIR",,,"false",,,"SCHD",,"NUSC","Destroyed",,"Hewa Bora",,"N/A",,,"","None"
"NYC08WA160","ACC","67800","2008-04-09T16:30:00Z","Nazca",,"Peru",,"OB-1266",,"false","Aviation","",,,"Fatal","5","0","1","6","0",,,,"-14.857777","-74.969443999999996","Cessna","U206C","AIR",,,"false",,,"NSCH",,"NUSC","Destroyed","VMC","Aero Ica",,"N/A",,,"","None"
"DCA08WA060","ACC","68051","2008-03-31T07:00:00Z","Lencois, Bahia",,"Brazil",,"PT-VCI",,"false","Aviation","",,,"Fatal","2","0","0","2","0",,,,,,"Neiva","NE-821","AIR",,,"false",,,"SCHD",,"NUSC","Destroyed","IMC","Abaeté Táxi Aéreo",,"N/A",,,"","None"
"DCA08WA031","ACC","67413","2008-01-19T09:32:00Z","Huambo",,"Angola",,"D2-FKK",,"false","Aviation","",,,"Fatal","13","0","0","13","0",,,,"-12.768333","15.904999","Beech","200","AIR",,,"false",,,"NSCH",,"NUSC","Destroyed","IMC","Giraglobo Company",,"N/A",,,"","None"
"DCA08WA027","ACC","67382","2008-01-11T16:25:00Z","Windhoek",,"Namibia",,"V5-GWH",,"false","Aviation","",,,"Fatal","6","0","0","6","0",,,,"-22.611664999999999","17.081665999999998","Cessna","210M","AIR",,,"false",,,"NSCH",,"NUSC","Destroyed","VMC","Atlantic Aviation",,"N/A",,,"","None"
"ANC08WA021","ACC","67471","2007-11-15T05:00:00Z","Nakatsugawa",,"Japan",,,,"false","Aviation","",,,"Fatal","2","1","0","3","0",,,,"36.549999","138.41667100000001","Cessna","404","AIR",,,"false",,,"NSCH",,"NUSC","Destroyed",,"Showa Aviation Company",,"N/A",,,"","None"
"ANC08WA015","ACC","67044","2007-10-13T16:00:00Z","Bamfield",,"Canada",,,,"false","Aviation","",,,"Fatal","3","0","0","3","0",,,,"48.816665","-125.066665","Cessna","172","AIR",,,"false",,,"NSCH",,"NUSC","Substantial",,"Parrallel Seaplanesf Inc.",,"N/A",,,"","None"
"DEN08WA039","ACC","67099","2007-08-09T23:00:00Z","Moorea",,"French Polynesia",,"FOIQI",,"false","Aviation","",,,"Fatal","20","0","0","20","0",,,,"-17.533055999999998","-149.83305300000001","de Havilland","DHC6-33","AIR","MOZ","Moorea Airport","false","2",,"SCHD",,"NUSC","Destroyed","VMC","Air Moorea",,"N/A",,"Prelim","","None"
"DFW07WA159","ACC","66199","2007-07-05T10:40:00Z","Culiacan",,"Mexico",,"XA-TFL",,"false","Aviation","",,,"Fatal","9","0","0","3","6",,,,,,"North American","T39A","AIR",,"Culiacan International Airport","false",,,"SCHD",,"NUSC","Destroyed","VMC","Jet Paqueteria",,"N/A",,"Prelim","","None"
"DCA07WA054","ACC","66103","2007-06-28T13:30:00Z","M'banza Congo",,"Angola",,"D2-TBP",,"false","Aviation","",,,"Fatal","6","0","0","6","0",,,,"-6.2666659999999998","14.25","Boeing","737-200","AIR",,,"false",,,"SCHD",,"NUSC","Destroyed",,"TAAG Anoglan Airline",,"N/A",,"Prelim","","None"
"MIA07WA159","ACC","66766","2007-04-25T14:30:00Z","Kopinang",,"Guyana",,"8R-GET",,"false","Aviation","",,,"Fatal","3","2","0","5","0",,,,"45.716667000000001","-59.866664","Britten-Norman","BN2A Islander","AIR",,,"false",,,"NSCH",,"NUSC","Destroyed","VMC","Air Services LTD",,"N/A",,"Prelim","","None"
"WAS07WA009","ACC","65415","2007-03-09T06:00:00Z","Lilongwe",,"Malawi",,"ZS-MSN",,"false","Aviation","",,,"Fatal","2","0","0","2","0",,,,,,"Piper","PA-34-200T","AIR",,,"false",,,"NSCH",,"NUSC","Destroyed","VMC","Executive Air Charters",,"N/A",,"Prelim","","None"
"LAX07WA084","ACC","65294","2007-02-01T05:00:00Z","Nadi",,"Fiji",,"DQ-SKY","172RG0357","false","Aviation","",,,"Fatal","3","0","0","3","0",,,,"-17.674721999999999","177.557785","Cessna","172RG","AIR",,,"false","1",,"NSCH",,"NUSC","Destroyed",,"Advance Aviation Training",,"N/A",,"Prelim","","None"
"ANC07WA012","ACC","65126","2007-01-07T21:00:00Z","Sandy Bay",,"Canada",,"C-GFFN",,"false","Aviation","",,,"Fatal","1","3","0","4","0",,,,"55.545555","-102.271942","Beech","A-100","AIR",,,"false",,,"NSCH",,"NUSC","Substantial",,"Transwest Air",,"N/A",,"Prelim","","None"
"WAS07WA007","ACC","65114","2007-01-05T11:02:00Z","Selous",,"Tanzania",,"5H-MUX",,"false","Aviation","",,,"Fatal","1","1","9","11","0",,,,"-7.5355549999999996","37.777500000000003","Piper","PA-31-350","AIR",,,"false",,,"NSCH",,"NUSC","Destroyed","VMC","DJB Ltd",,"N/A",,"Prelim","","None"
"WAS07WA005","ACC","65046","2006-12-16T05:55:00Z","Mbeya",,"Tanzania",,"5H-TZA",,"false","Aviation","",,,"Fatal","2","4","0","6","0",,,,"-8.9144430000000003","33.457220999999997","Cessna","310Q","AIR",,,"false",,,"NSCH",,"NUSC","Destroyed","VMC",,,"N/A",,"Prelim","","None"
"WAS07WA003","ACC","64756","2006-10-25T02:15:00Z","Tulear",,"Madagascar",,"5R-MGV",,"false","Aviation","",,,"Fatal","6","0","0","6","0",,,,"-23.383333","43.728610000000003","Cessna","425","AIR",,,"false",,,"NSCH",,"NUSC","Destroyed","VMC","Services et Transports Aeriens",,"N/A",,"Prelim","","None"
"DCA07WA002","ACC","64666","2006-10-10T04:00:00Z","Stord-Sorstokke",,"Norway",,"OY-CRG",,"false","Aviation","",,,"Fatal","4","0","9","13","0",,,,,,"British Aerospace","BAe-146-200A","AIR",,,"false",,,"NSCH",,"NUSC","Destroyed",,"Atlantic Airways",,"N/A",,"Prelim","","None"
"DCA06RA076","ACC","64621","2006-09-29T16:00:00Z","Azevedo",,"Brazil",,"PR-GTD, N600XL","145-965","true","Aviation","",,"2008-12-12T19:33:00Z","Fatal","154","0","0","154",,,,,,,"Boeing, Embraer","737-800, E135 Legacy","AIR, AIR",,"Cachimbo airbase","false, false","2, 2",,"SCHD","FERY","NUSC, 091","Destroyed, Minor","IMC",,,"N/A",,"Prelim","https://data.ntsb.gov/Docket?ProjectID=64621","None"
"ANC06WA120","ACC","64388","2006-08-16T14:15:00Z","Ft. Good Hope",,"Canada",,"C-FWHP",,"false","Aviation","",,,"Fatal","6","0","0","6","0",,,,,,"CESSNA","337","AIR",,,"false",,,"NSCH",,"NUSC","Destroyed",,"North-Wright Airways Ltd.","Unknown","N/A",,"Prelim","","None"
"NYC06WA202","ACC","64327","2006-08-13T19:20:00Z","Piacenza",,"Italy",,"7T-VHG",,"false","Aviation","",,,"Fatal","3","0","0","3","0",,,,"45.049999","9.6499989999999993","Lockheed","L-100-30","AIR",,,"false",,,"NSCH",,"NUSC","Destroyed",,"Air Algerie",,"N/A",,"Prelim","","None"
"WAS06WA011","ACC","64039","2006-06-30T18:35:00Z","Vilanculos",,"Mozambique",,"ZS-POG",,"false","Aviation","",,,"Fatal","3","0","0","3","0",,,,"-22.033332000000001","35.299999","Cessna","208B","AIR",,,"false",,,"NSCH",,"NUSC","Substantial","VMC","Nature Link",,"N/A",,"Prelim","","None"
"DFW06WA170","ACC","64006","2006-06-26T16:00:00Z","CHIGUAO",,"Venezuela",,"YV-229C",,"false","Aviation","",,,"Fatal","1","0","0","1","0",,,,,,"Cessna","U206","AIR",,,"false",,,"NSCH",,"NUSC","Destroyed","VMC","Rutaca",,"N/A",,"Prelim","","None"
"ENG07WA003","ACC","64910","2006-05-03T23:13:00Z","Sochi",,"Russia",,"EK-32009","547","false","Aviation","","2014-10-27T04:00:00Z",,"Fatal","113","0","0","113","0",,,,,,"AIRBUS","A320","AIR","URSS","Sochi, Russia","false","2",,"SCHD",,"NUSC","Destroyed","IMC","Armavia Airlines","Approach","N/A",,"Prelim","","None"
"WAS06WA009","ACC","63859","2006-04-28T08:00:00Z","Kasese",,"Uganda",,"ZS-ADL",,"false","Aviation","",,,"Fatal","3","0","0","3","0",,,,"0.25","29.916665999999999","Cessna","208B","AIR",,,"false",,,"NSCH",,"NUSC","Destroyed",,"King Air Services",,"N/A",,"Prelim","","None"
"MIA06WA087","ACC","63549","2006-04-12T17:00:00Z","Antioquia",,"Colombia",,"HK-2387",,"false","Aviation","",,,"Fatal","2","0","0","2","0",,,,"6.25","-75.599997999999999","Piper","PA-34-200T","AIR",,,"false",,,"NSCH",,"NUSC","Substantial","VMC","Star",,"N/A",,"Prelim","","None"
"DFW06WA091","ACC","63413","2006-03-29T09:05:00Z","Medellin",,"Colombia",,"HK-2969",,"false","Aviation","",,,"Fatal","6","0","5","5","6",,,,,,"Cessna","206","AIR",,,"false",,,"NSCH",,"NUSC","Destroyed","VMC",,,"N/A",,"Prelim","","None"
"DFW06WA080","ACC","63318","2006-03-07T16:25:00Z","Labiano",,"Spain",,"EC-JAX",,"false","Aviation","",,,"Fatal","2","4","0","6","0",,,,,,"Cessna","421C","AIR",,,"false",,,"NSCH",,"NUSC","Destroyed","IMC","Aerotaxi Los Valles, S.L.",,"N/A",,"Prelim","","None"
"SEA06WA046","ACC","63138","2006-01-21T17:10:00Z","Port Alberni",,"Canada",,"C-GRXZ",,"false","Aviation","",,,"Fatal","3","4","0","7","0",,,,,,"Cessna","208B","AIR",,,"false",,,"NSCH",,"NUSC","Substantial","VMC","International Express Aircharter Ltd.",,"N/A",,"Prelim","","None"
"NYC06WA046","ACC","62972","2005-12-20T19:34:00Z","Terrace, BC",,"Canada",,"C-FTWO",,"false","Aviation","",,,"Fatal","2","0","0","2","0",,,,"54.466388000000002","-128.57749899999999","Mitsubishi","MU-2B-36","AIR",,,"false",,,"SCHD",,"NUSC","Destroyed","VMC","Nav Air Charter Inc.",,"N/A",,"Prelim","","None"
"WAS06WA002","ACC","62702","2005-10-16T06:40:00Z","Mahone",,"Tanzania",,"5H-APE",,"false","Aviation","",,,"Fatal","5","0","0","5","0",,,,,,"Cessna","U206P","AIR",,,"false",,,"NSCH",,"NUSC","Destroyed",,"Nomad Aviation",,"N/A",,"Prelim","","None"
"DFW05WA243","ACC","62495","2005-09-16T16:00:00Z","Rio de Janeiro",,"Brazil",,"PT-WLX",,"false","Aviation","",,,"Fatal","2","0","0","2","0",,,,,,"Cessna","525","AIR",,,"false",,,"NSCH",,"NUSC","Destroyed","IMC","Unknown",,"N/A",,"Prelim","","None"
"MIA05WA159","ACC","62530","2005-09-16T09:00:00Z","La Esmeralda",,"Venezuela",,"YV412C",,"false","Aviation","",,,"Fatal","4","0","0","4","0",,,,"10.470000000000001","-67.054443000000006","Cessna","207","AIR",,,"false",,,"NSCH",,"NUSC","Destroyed","VMC","Cooperative Assoc. Lines Air Taxi",,"N/A",,"Prelim","","None"
"DFW05WA227","ACC","62388","2005-09-01T10:46:00Z","Bogota",,"Colombia",,"HK-3069",,"false","Aviation","",,,"Fatal","8","0","0","8","0",,,,,,"Piper","PA-31-350","AIR",,,"false",,,"NSCH",,"NUSC","Destroyed","VMC","LANS LTDA",,"N/A",,"Prelim","","None"
"DFW05WA228","ACC","62389","2005-08-31T10:30:00Z","Cieneguilla",,"Bolivia",,"CP-1429",,"false","Aviation","",,,"Fatal","4","0","0","4","0",,,,,,"Piper","PA-23-250","AIR",,,"false",,,"NSCH",,"NUSC","Destroyed","IMC","Servicios Aereos Nilo Osuna",,"N/A",,"Prelim","","None"
"MIA05WA117","ACC","61626","2005-06-01T17:00:00Z","Neiva",,"Colombia",,"HK-3014",,"false","Aviation","",,,"Fatal","2","6","0","5","3",,,,"2.930555","-75.330275999999998","Cessna","185","AIR",,,"false",,,"NSCH",,"NUSC","Destroyed","VMC","SAER",,"N/A",,"Prelim","","None"
"SEA06WA060","ACC","61410","2005-05-03T04:00:00Z","Stratford",,"New Zealand",,"ZK-POA",,"false","Aviation","",,,"Fatal","2","0","0","2","0",,,,"-39.309443999999999","174.30027699999999","Fairchild Swearingen","SA227-AC","AIR",,,"false",,,"NSCH",,"NUSC","Destroyed",,"Airwork NZ Ltd.",,"N/A",,"Prelim","","None"
"SEA05WA053","ACC","61098","2005-03-03T15:30:00Z","Bologna",,"Italy",,"D-IMMA",,"false","Aviation","",,,"Fatal","6","0","0","6","0",,,,,,"Cessna","340A","AIR",,,"false",,,"NSCH",,"NUSC","Destroyed","IMC",,,"N/A",,"Prelim","","None"
"SEA05WA046","ACC","60972","2005-02-02T05:00:00Z","Taupo",,"New Zealand",,"ZK-FMW",,"false","Aviation","",,,"Fatal","3","0","0","3","0",,,,,,"Piper","PA-34-200T","AIR",,,"false",,,"NSCH",,"NUSC","Substantial","IMC","Christian Aviation Ltd.",,"N/A",,"Prelim","","None"
"MIA05WA031","ACC","60581","2004-11-18T14:02:00Z","Caracas",,"Venezuela",,"YV-1083C",,"false","Aviation","",,,"Fatal","4","17","0","21","0",,,,"10.603054999999999","-66.990554000000003","British Aerospace","3101","AIR",,,"false",,,"SCHD",,"NUSC","Destroyed","IMC","Venezolana Linea Aerea Bolivariana",,"N/A",,"Prelim","","None"
"MIA05WA007","ACC","60465","2004-10-15T07:46:00Z","Medellin",,"Colombia",,"HK-1503",,"false","Aviation","",,,"Fatal","3","0","0","3","0",,,,,,"Douglas","DC-3C","AIR",,,"false",,,"NSCH",,"NUSC","Destroyed","IMC","Aerovanguardia",,"N/A",,"Prelim","","None"
"WAS04WA015","ACC","60438","2004-09-09T12:02:00Z","Livingstone",,"Zambia",,"ZS-KOX",,"false","Aviation","",,,"Fatal","6","0","0","6","0",,,,"-17.485834000000001","26.234166999999999","Cessna","210","AIR",,,"false",,,"NSCH",,"NUSC","Destroyed","VMC","Airwaves Airlink Limited",,"N/A",,"Prelim","","None"
"CHI04WA125","ACC","59312","2004-05-18T18:00:00Z","Fawcett Lake",,"Canada",,"C-GQHT",,"false","Aviation","",,,"Fatal","4","0","0","4","0",,,,"51.340556999999997","-91.843329999999995","de Havilland","DHC-2 MK.1","AIR",,,"false",,,"NSCH",,"NUSC","Destroyed","VMC","Pickeral Arm Camps",,"N/A",,"Prelim","","None"
"MIA04WA083","ACC","59371","2004-05-12T11:45:00Z","Guaviare",,"Colombia",,"HK-2708",,"false","Aviation","",,,"Fatal","5","4","0","9","0",,,,"2.5769440000000001","-72.645835000000005","Cessna","206C","AIR",,,"false",,,"NSCH",,"NUSC","Destroyed","VMC","Aral  Air-Taxi",,"N/A",,"Prelim","","None"
"DCA04WA026","ACC","58863","2004-02-10T05:00:00Z","Sharjah Airport",,,,,,"false","Aviation","",,,"Fatal","46","3","0","49","0",,,,,,"Fokker","50","AIR",,,"false",,,"SCHD",,"NUSC","Destroyed",,"Kish Airlines",,"N/A",,"Prelim","","None"
"FTW04WA050","ACC","58557","2003-12-23T17:42:00Z","Shiona",,"Ecuador",,"HC-BAS",,"false","Aviation","",,,"Fatal","1","0","0","1","0",,,,"-1.97","-76.435553999999996","Cessna","172","AIR",,,"false",,,"NSCH",,"NUSC","Destroyed","VMC","AeroClub Pastaza",,"N/A",,"Prelim","","None"
"FTW04WA032","ACC","58413","2003-11-21T17:30:00Z","Versalles",,"Bolivia",,"CP-1958",,"false","Aviation","",,,"Fatal","2","0","0","2","0",,,,"-12.837498999999999","63.25","Cessna","P337","AIR",,,"false",,,"NSCH",,"NUSC","Destroyed","VMC","ECHALAR S.A",,"N/A",,"Prelim","","None"
"MIA04WA020","ACC","58316","2003-11-08T11:59:00Z","Georgetown",,"Guyana",,"8R-GMC",,"false","Aviation","",,,"Fatal","2","5","0","7","0",,,,"6.7366659999999996","-58.115276000000001","Short Brothers","Skyvan SC7","AIR",,,"false",,,"NSCH",,"NUSC","Substantial","VMC","Trans Guyana Airways",,"N/A",,"Prelim","","None"
"FTW04WA016","ACC","58263","2003-10-27T08:45:00Z","Tampico",,"Mexico",,"XA-ISH",,"false","Aviation","",,,"Fatal","3","0","0","3","0",,,,,,"Raytheon Corporate Jets","Hawker 125","AIR",,,"false",,,"NSCH",,"NUSC","Destroyed","IMC","Aeroextra",,"N/A",,"Prelim","","None"
"MIA04WA014","ACC","58256","2003-10-26T09:31:00Z","Buenos Aires",,"Argentina",,"LV-MGV",,"false","Aviation","",,,"Fatal","5","0","0","5","0",,,,"-34.818053999999997","-58.535831000000002","Fairchild","FH227B","AIR",,,"false",,,"NSCH",,"NUSC","Destroyed","IMC","CATA Lineas Aereas",,"N/A",,"Prelim","","None"
"FTW04WA005","ACC","58109","2003-10-03T18:00:00Z","El Peru",,"Bolivia",,"CP-2169",,"false","Aviation","",,,"Fatal","4","2","0","2","4",,,,,,"Cessna","U-206G","AIR",,,"false",,,"NSCH",,"NUSC","Destroyed","VMC","Carolina Rodriguez vda. de Balcazar",,"N/A",,"Prelim","","None"
"DCA04WA007","ACC","58335","2003-10-03T04:00:00Z","Kapiti Coast",,"New Zealand",,"ZK-KFU",,"false","Aviation","",,,"Fatal","2","0","0","2","0",,,,,,"Convair Div. of Gen. Dynamics","CV340/580","AIR",,,"false",,,"SCHD",,"NUSC","Destroyed",,,,"N/A",,"Prelim","","None"
"DCA03WA056","ACC","57925","2003-09-12T04:00:00Z","Madeira Islands",,"Portugal",,"N600BV",,"false","Aviation","",,,"Fatal","9","0","0","9","0",,,,,,"Beech","King Air B200","AIR",,,"false",,,"SCHD",,"NUSC","Destroyed",,,,"N/A",,"Prelim","","None"
"WAS03WA014","ACC","57469","2003-07-13T06:40:00Z","Pianello/Carena",,"Switzerland",,"N6412T",,"false","Aviation","",,,"Fatal","4","0","0","4","0",,,,,,"Cessna","182 RG","AIR",,,"false",,,"NSCH",,"NUSC","Destroyed",,"Sixforty Corporation",,"N/A",,"Prelim","","None"
"DCA03WA041","ACC","57274","2003-06-22T23:55:00Z","Brest",,"France",,"F-GRJS","7377","false","Aviation","",,,"Fatal","1","3","0","4","0",,,,,,"Canadair","CRJ-100","AIR","LFRB","Brest France","false","2",,"SCHD",,"NUSC","Destroyed","IMC","BritAir (Air France)",,"N/A",,"Prelim","","None"
"DCA03WA037","ACC","57124","2003-06-01T13:26:00Z","Milan",,"Italy",,"I-ERJC",,"false","Aviation","",,,"Fatal","2","0","0","2","0",,,,,,"Learjet","45","AIR",,,"false",,,"SCHD",,"NUSC","Destroyed",,"Eurojet Italia",,"N/A",,"Prelim","","None"
"FTW03WA130","ACC","56812","2003-04-12T15:30:00Z","Esmeralda",,"Venezuela",,"YV240C",,"false","Aviation","",,,"Fatal","4","0","0","4","0",,,,"3.4716659999999999","-65.791663999999997","Cessna","182L","AIR",,,"false",,,"NSCH",,"NUSC","Destroyed","IMC","Aerovias Guayana S.A. (AGUAYSA)",,"N/A",,"Prelim","","None"
"FTW03WA128","ACC","56792","2003-03-09T12:05:00Z","Ocana",,"Colombia",,"HK2727",,"false","Aviation","",,,"Fatal","5","0","0","5","0",,,,"7.6694440000000004","-72.587501000000003","Cessna","R172HP","AIR",,,"false",,,"NSCH",,"NUSC","Destroyed","VMC","Alas de Colombia",,"N/A",,"Prelim","","None"
"FTW03WA103","ACC","56576","2003-02-28T16:15:00Z","COLCHANI",,"Bolivia",,"CP-1885",,"false","Aviation","",,,"Fatal","1","4","0","5","0",,,,"-19.170832999999998","-66.501388000000006","Cessna","411","AIR",,,"false",,,"NSCH",,"NUSC","Destroyed","VMC","Taxi Aereo ""Colibri""",,"N/A",,"Prelim","","None"
"MIA03WA027","ACC","56192","2002-12-07T16:35:00Z","Pucallpa",,"Peru",,"OB1180",,"false","Aviation","",,,"Fatal","4","0","0","4","0",,,,"-9.3208330000000004","-75.528891999999999","Cessna","U206G","AIR",,,"false",,,"NSCH",,"NUSC","Destroyed","VMC","AeroPantanal",,"N/A",,"Prelim","","None"
"FTW03WA014","ACC","55888","2002-10-15T19:30:00Z","Tarapoto",,"Peru",,"OB-669",,"false","Aviation","",,,"Fatal","2","2","0","4","0",,,,"-6.4277769999999999","-77.205832999999998","Cessna","182F","AIR",,,"false",,,"NSCH",,"NUSC","Destroyed","VMC","Aero Latino Expreso S.A",,"N/A",,"Prelim","","None"
"WAS02WA054","ACC","56342","2002-06-01T04:00:00Z","George",,"South Africa",,"ZS-OJY",,"false","Aviation","",,,"Fatal","3","0","0","3","0",,,,,,"Hawker Siddeley","748","AIR",,,"false",,,"NSCH",,"NUSC","Destroyed",,"Airquarius Aviation",,"N/A",,"Prelim","","None"
"FTW02WA144","ACC","54654","2002-05-07T18:02:00Z","MAMAYAC",,"Ecuador",,"HC-CBV",,"false","Aviation","",,,"Fatal","4","0","0","4","0",,,,"-2.0588880000000001","-77.698890000000006","Cessna","172","AIR",,,"false",,,"NSCH",,"NUSC","Destroyed","VMC","TRANSPORTES AERONACIONALES",,"N/A",,"Prelim","","None"
"WAS02WA040","ACC","54689","2002-05-03T04:00:00Z","Edenkoben",,"Germany",,"PH-ASL",,"false","Aviation","",,,"Fatal","3","0","0","3","0",,,,,,"Piper","PA-28","AIR",,,"false",,,"NSCH",,"NUSC","Destroyed",,"Name",,"N/A",,"Prelim","","None"
"WAS02WA035","ACC","54570","2002-04-17T04:00:00Z","Pico, Duarte",,"Dominican Republic",,"HI-375",,"false","Aviation","",,,"Fatal","4","0","0","4","0",,,,,,"Cessna","172","AIR",,,"false",,,"NSCH",,"NUSC","Destroyed","IMC","CARIBAIR",,"N/A",,"Prelim","","None"
"DCA02WA031","ACC","54515","2002-04-12T03:10:00Z","PalmaDeMallorca",,"Spain",,"EC-GKR",,"false","Aviation","",,,"Fatal","2","0","0","2","0",,,,,,"Swearingen","METRO SW3","AIR",,,"false",,,"NSCH",,"NUSC","Destroyed","IMC","TADAIR",,"N/A",,"Prelim","","None"
"FTW02WA145","ACC","54653","2002-04-05T12:30:00Z","SANTA ANA",,"Bolivia",,"CP-1776",,"false","Aviation","",,,"Fatal","4","0","0","4","0",,,,,,"Cessna","U206G","AIR",,,"false",,,"NSCH",,"NUSC","Destroyed",,"ANGEL VASQUEZ & GUSTAVO MELGAR",,"N/A",,"Prelim","","None"
"WAS02WA026","ACC","54301","2002-02-23T18:28:00Z","San Antonio",,"Peru",,"OB-1230",,"false","Aviation","",,,"Fatal","2","1","2","5","0",,,,"4.8166659999999997","-76.699995999999999","Cessna","U206G","AIR",,,"false",,,"NSCH",,"NUSC","Destroyed","VMC","Aero Latino Expreso S.A.",,"N/A",,"Prelim","","None"
"DCA02WA019","ACC","54094","2002-01-28T05:00:00Z","Ipiales",,"Colombia",,"HC-BLF",,"false","Aviation","",,,"Fatal","92","0","0","92","0",,,,,,"Boeing","727-134","AIR",,,"false","3",,"SCHD",,"NUSC","Destroyed",,"TAME AIRLINES",,"N/A",,"Prelim","","None"
"FTW04WA068","ACC","58696","2002-01-22T22:55:00Z","Trinidad",,"Bolivia",,"CP-1541",,"false","Aviation","",,,"Fatal","2","3","1","6","0",,,,,,"Cessna","182L","AIR",,,"false",,,"NSCH",,"NUSC","Destroyed","VMC","UNK",,"N/A",,"Prelim","","None"
"DCA02WA008","ACC","53819","2001-11-24T22:00:00Z","Zurich",,"Switzerland",,,,"false","Aviation","",,,"Fatal","24","0","0","24","0",,,,,,"British Aerospace","Avro RJ100","AIR",,,"false",,,"SCHD",,"NUSC","Destroyed","IMC",,,"N/A",,"Prelim","","None"
"DCA02WA004","ACC","69183","2001-10-10T04:00:00Z","Mediterranean",,"Spain",,,,"false","Aviation","",,,"Fatal","10","0","0","10","0",,,,,,"Swearingen","Metroliner","AIR",,,"false",,,"SCHD",,"NUSC","Destroyed",,"Flight Line, Inc.",,"N/A",,"Prelim","","None"
"WAS01WA028","ACC","53503","2001-09-08T07:30:00Z","Baborigame",,"Mexico",,"XA-PID",,"false","Aviation","",,,"Fatal","8","0","0","8","0",,,,,,"Cessna","TU206G","AIR",,,"false",,,"NSCH",,"NUSC","Destroyed","IMC","TAXIS AEREOS DE PARRAL",,"N/A",,"Prelim","","None"
"DCA01WA059","ACC","53129","2001-08-29T10:00:00Z","Malaga",,"Spain",,,,"false","Aviation","",,,"Fatal","4","43","0","47","0",,,,,,"CASA","235","AIR",,,"false",,,"SCHD",,"NUSC","Destroyed",,,,"N/A",,"Prelim","","None"
"WAS01RA005","ACC","52255","2001-05-04T09:10:00Z","COBAN",,"Guatemala",,"TG-CEG",,"false","Aviation","",,,"Fatal","5","0","0","5","0",,,,"15.585000000000001","-99.446387999999999","Cessna","182J","AIR",,,"false",,,"NSCH",,"NUSC","Destroyed","IMC","Antonio Arevalo Posadas",,"N/A",,"Prelim","","None"
"MIA01WA069","ACC","51416","2001-01-31T17:15:00Z","YOPAL",,"Colombia",,"HK-3932X",,"false","Aviation","",,,"Fatal","3","3","0","6","0",,,,,,,,"AIR",,,"false","2",,"NSCH",,"NUSC","Destroyed","VMC","Lineas Aereas Suramericanas",,"N/A",,"Prelim","","None"
"DCA01WA016","ACC","51402","2001-01-25T19:00:00Z","CUIDAD BOLIVAR",,"Venezuela",,"YV224","","false","Aviation","",,,"Fatal","24","0","0","24","0",,,,,,"Douglas","DC-3","AIR","","","false",,,"UNK","UNK","NUSC","Destroyed","Unknown","RUTACA",,"N/A",,"Prelim","","None"
"IAD00WA083","ACC","51183","2000-09-06T04:00:00Z","AUBENAS",,"France",,"N116TG","","false","Aviation","",,,"Fatal","2","2","0","4","0",,,,,,"Lockheed","C-130A","AIR","","","false",,,"UNK","AAPL","NUSC","Destroyed","VMC","INTERNATIONAL AIR RESPONSE",,"N/A",,"Prelim","","None"
"DCA00WA092","ACC","50764","2000-09-04T04:00:00Z","QUEENSLAND",,"Australia",,"VHSKC","","false","Aviation","",,,"Fatal","8","0","0","8","0",,,,,,"Beech","KINGAIR 200","AIR","","","false",,,"UNK","UNK","NUSC","Destroyed","Unknown","",,"N/A",,"Prelim","","None"
"MIA00WA249","ACC","50092","2000-08-26T00:00:00Z","LA FORTUNA",,"Costa Rica",,"1357","","false","Aviation","",,,"Fatal","10","0","0","10","0",,,,,,"Cessna","208B","AIR","","","false",,,"UNK","UNK","NUSC","Destroyed","VMC","SANSA AIRCRAFT",,"N/A",,"Prelim","","None"
"NYC00WA222","ACC","49937","2000-08-07T04:00:00Z","REYKJAVIK",,"Iceland",,"TFGTI","","false","Aviation","",,,"Fatal","3","3","0","6","0",,,,,,"Cessna","210L","AIR","","","false",,,"UNK","BUS","NUSC","Destroyed","VMC","L.I.O. EHF/AIR CHARTER ICELAND",,"N/A",,"Prelim","","None"
"NYC00MA201","ACC","54159","2000-07-19T00:31:00Z","LINNEUS","Maine","United States",,"CGNAK","154","false","Aviation","DirectorBrief","2001-09-27T04:00:00Z",,"Fatal","2","0","0","2","0","The pilot-in-command's failure to maintain minimum control airspeed, which resulted in a loss of control.  Factors in this accident were clouds, and a loss of engine power for undetermined reasons, while in cruise flight above the airplane's single engine service ceiling.",,,,,"Grumman","G-159","AIR","","","false","2","TP","UNK","UNK","NUSC","Destroyed","IMC","",,"Completed",,"Final","","https://data.ntsb.gov/carol-repgen/api/Aviation/ReportMain/GenerateNewestReport/54159/pdf"
"DCA00WA076","ACC","49861","2000-07-17T01:04:00Z","PATNA",,"India",,"VT-EGD","22280","false","Aviation","",,,"Fatal","60","10","1","61","10",,,,,,"Boeing","737-200","AIR",,"Patna India","false","2",,"SCHD",,"NUSC","Destroyed","IMC","Airlines Allied Sevices Ltd",,"N/A",,"Prelim","","None"
"MIA00WA211","ACC","49662","2000-07-07T07:50:00Z","RIO LUJAN",,"Argentina",,"LVJLB","","false","Aviation","",,,"Fatal","5","0","0","5","0",,,,,,"Cessna","310N","AIR","","","false",,,"UNK","UNK","NUSC","Destroyed","Unknown","COLUMBUS AIRWAYS, S.A.",,"N/A",,"Prelim","","None"
"CHI00WA163","ACC","49424","2000-06-14T04:00:00Z","LIVERPOOL",,"United Kingdom",,"GBMBC","","false","Aviation","",,,"Fatal","5","0","0","5","0",,,,,,"Piper","PA-31-350","AIR","","","false",,,"UNK","UNK","NUSC","Destroyed","Unknown","ISLAND AVIATION",,"N/A",,"Prelim","","None"
"NYC00WA154","ACC","51290","2000-06-01T04:00:00Z","NEWMARKET",,"United Kingdom",,"GBMNT","","false","Aviation","",,,"Fatal","1","2","0","3","0",,,,,,"Piper","PA-34-220T","AIR","","","false",,,"UNK","UNK","NUSC","Destroyed","VMC","CHANNEL AIRWAYS LTD",,"N/A",,"Prelim","","None"
"DCA00WA046","ACC","49088","2000-04-30T04:00:00Z","ENTEBBE",,"Uganda",,"N800WR","","false","Aviation","",,,"Fatal","12","0","0","12","0",,,,,,"Douglas","DC-10-30","AIR",,,"false",,,,,"NUSC","Substantial","Unknown","DAS AIR CARGO",,"N/A",,"Prelim","","None"
"SEA00WA056","ACC","51337","2000-03-17T13:30:00Z","ENNADAI LAKE",,"Canada",,"CFNTF","","false","Aviation","",,,"Fatal","2","0","0","2","0",,,,,,"Douglas","DC-3C","AIR",,,"false",,,"UNK","UNK","NUSC","Destroyed","VMC","POINTS NORTH AIR SERVICES",,"N/A",,"Prelim","","None"
"MIA00WA122","ACC","48875","2000-03-17T10:30:00Z","CARRETO",,"Panama",,"HP-12","","false","Aviation","",,,"Fatal","10","0","0","10","0",,,,,,"de Havilland","DHC-6","AIR","","","false",,,"UNK","UNK","NUSC","Destroyed","IMC","AEROPERLAS",,"N/A",,"Prelim","","None"
"MIA00WA073","ACC","48541","2000-01-22T12:45:00Z","LAS TERRENAS",,"Dominican Republic",,"HI528","","false","Aviation","",,,"Fatal","7","0","0","7","0",,,,,,"Cessna","207","AIR","","","false",,,"UNK","UNK","NUSC","Destroyed","VMC","AERODOMCA",,"N/A",,"Prelim","","None"
"MIA00WA024","ACC","47753","1999-11-09T05:00:00Z","ABIDJAN",,"Mali",,"TUTMP","","false","Aviation","",,,"Fatal","4","0","0","4","0",,,,,,"Beech","58","AIR","","","false",,,"UNK","UNK","NUSC","Destroyed","VMC","AIR ENTER IVORIE",,"N/A",,"Prelim","","None"
"MIA99WA244","ACC","47314","1999-08-28T16:30:00Z","LA CEIBA",,"Honduras",,"HRAJM","","false","Aviation","",,,"Fatal","4","0","0","4","0",,,,,,"Cessna","206","AIR","","","false",,,"UNK","BUS","NUSC","Destroyed","VMC","SOSA AIRLINES",,"N/A",,"Prelim","","None"
"DCA99WA068","ACC","47255","1999-07-07T19:51:00Z","KATHMANDU",,"Nepal",,"VT-LCI","22168","false","Aviation","",,,"Fatal","5","0","0","5","0",,,,,,"Boeing","727-243F","AIR",,,"false","3",,"NSCH",,"NUSC","Destroyed",,"LUFTHANSA CARGO AIRLINES/HINDUJA",,"N/A",,"Prelim","","None"
"MIA99WA187","ACC","46752","1999-06-18T09:12:00Z","CIUDAD BOLIVAR",,"Venezuela",,"YV239","","false","Aviation","",,,"Fatal","2","0","0","2","0",,,,,,"Cessna","U206F","AIR","","","false",,,"UNK","UNK","NUSC","Destroyed","IMC","SERAMI AEROTAXI",,"N/A",,"Prelim","","None"
"DCA99RA053","ACC","46171","1999-04-07T21:44:00Z","CEYHAN ADANA",,"Turkey",,"TC-JEP","25378","false","Aviation","",,,"Fatal","6","0","0","6","0",,,,,,"Boeing","737-400","AIR",,,"false","2",,"NSCH",,"NUSC","Destroyed","IMC",,,"N/A",,"Prelim","","None"
"LAX98WA316","ACC","45268","1998-09-17T04:00:00Z","ARUSHA",,"Tanzania",,"N36MS","","false","Aviation","",,,"Fatal","3","1","0","4","0",,,,,,"Cessna","206","AIR","","","false",,,"UNK","UNK","NUSC","Destroyed","Unknown","FLYING MEDICAL SERVICES",,"N/A",,"Prelim","","None"
"MIA98WA156","ACC","38569","1998-05-08T17:00:00Z","WALKER'S CAY",,"Bahamas",,"N5813Y","","false","Aviation","",,,"Fatal","1","0","5","6","0",,,,,,"Piper","PA-23-250","AIR","","","false",,,"UNK","UNK","NUSC","Substantial","VMC","MAJORS AIR SERVICES",,"N/A",,"Prelim","","None"
"DCA98WA053","ACC","11067","1998-04-26T04:00:00Z","EUCEMBUNE",,"Australia",,"VHIOR","","false","Aviation","",,,"Fatal","1","0","0","1","0",,,,,,"Cessna","210","AIR","","","false",,,"UNK","UNK","NUSC","Destroyed","Unknown","",,"N/A",,"Prelim","","None"
"MIA98WA097","ACC","38563","1998-03-02T16:05:00Z","LA PUNTILLA",,"Chile",,"CCCIX","","false","Aviation","",,,"Fatal","5","0","0","5","0",,,,,,"Cessna","401","AIR","","","false",,,"UNK","UNK","NUSC","Destroyed","VMC","AERO CHAITEN",,"N/A",,"Prelim","","None"
"MIA98WA049","ACC","38557","1997-12-31T08:45:00Z","RIO SIDRA",,"Panama",,"HP986","","false","Aviation","",,,"Fatal","10","0","0","10","0",,,,,,"Britten-Norman","ISLANDER","AIR","","","false",,,"UNK","UNK","NUSC","Destroyed","IMC","Unknown",,"N/A",,"Prelim","","None"
"MIA97WA092","ACC","38361","1997-03-02T22:14:00Z","CARACAS",,"Venezuela",,"YV784","","false","Aviation","",,,"Fatal","6","0","0","6","0",,,,,,"Cessna","402A","AIR","","","false",,,"UNK","UNK","NUSC","Destroyed","Unknown","CHAPI AIR TRAVEL",,"N/A",,"Prelim","","None"
"MIA97WA100","ACC","38362","1997-02-11T11:44:00Z","CHALLAO",,"Argentina",,"N470E","","false","Aviation","",,,"Fatal","1","0","0","1","0",,,,,,"Cessna","T210","AIR",,,"false",,,,,"NUSC","Destroyed","Unknown","TRANSPORTES AEREOS EMPRESARIAL",,"N/A",,"Prelim","","None"
"MIA96WA098","ACC","38111","1996-03-13T09:15:00Z","PUNTO FIJO",,"Venezuela",,"P4AVB","","false","Aviation","",,,"Fatal","8","0","0","8","0",,,,,,"CESSNA","402B","AIR","","","false",,,"UNK","UNK","NUSC","Destroyed","VMC","AVIA AIR",,"N/A",,"Prelim","","None"
"MIA96WA037","ACC","38102","1995-12-07T19:00:00Z","PORT-AU-PRINCE",,"Haiti",,"FOHRK","","false","Aviation","",,,"Fatal","20","0","0","20","0",,,,,,"BEECH","1900D","AIR","","","false",,,"UNK","OWRK","NUSC","Destroyed","VMC","AIR SAINT MARTIN",,"N/A",,"Prelim","","None"
"DCA94WA077","ACC","10991","1994-09-23T04:00:00Z","WESTMAN ISLES",,"Iceland",,"N9082N","","false","Aviation","",,,"Fatal","2","0","0","2","0",,,,,,"AERO COMMANDER","500S","AIR","","","false",,,"UNK","UNK","NUSC","Destroyed","Unknown","EAGLE AIR INTERNATIONAL",,"N/A",,"Prelim","","None"
"LAX87FA350","ACC","25429","1987-09-30T07:59:00Z","SAN DIEGO","California","United States",,"XAKOA","340A0978","false","Aviation","DirectorBrief","1989-08-08T04:00:00Z",,"Fatal","6","0","0","6","0","",,,,,"CESSNA","340A","AIR","MMTJ","GEN RODRIGUEZ INTL","false","2","REC","UNK","UNK","NUSC","Destroyed","IMC","",,"Completed",,"Final","","https://data.ntsb.gov/carol-repgen/api/Aviation/ReportMain/GenerateNewestReport/25429/pdf"

